hour_of_day,cash_type,money,coffee_name,Time_of_Day,Weekday,Month_name,Weekdaysort,Monthsort,Date,Time
10,card,38.7,Latte,Morning,Fri,Mar,5,3,01-03-2024,10.15.50
12,card,38.7,Hot Chocolate,Afternoon,Fri,Mar,5,3,01-03-2024,12.19.22
12,card,38.7,Hot Chocolate,Afternoon,Fri,Mar,5,3,01-03-2024,12.20.18
13,card,28.9,Americano,Afternoon,Fri,Mar,5,3,01-03-2024,13.46.33
13,card,38.7,Latte,Afternoon,Fri,Mar,5,3,01-03-2024,13.48.14
15,card,33.8,Americano with Milk,Afternoon,Fri,Mar,5,3,01-03-2024,15.39.47
16,card,38.7,Hot Chocolate,Afternoon,Fri,Mar,5,3,01-03-2024,16.19.02
18,card,33.8,Americano with Milk,Night,Fri,Mar,5,3,01-03-2024,18.39.03
19,card,38.7,Cocoa,Night,Fri,Mar,5,3,01-03-2024,19.22.01
19,card,33.8,Americano with Milk,Night,Fri,Mar,5,3,01-03-2024,19.23.15
19,card,33.8,Americano with Milk,Night,Fri,Mar,5,3,01-03-2024,19.29.17
10,card,28.9,Americano,Morning,Sat,Mar,6,3,02-03-2024,10.22.06
10,card,33.8,Americano with Milk,Morning,Sat,Mar,6,3,02-03-2024,10.41.41
11,card,33.8,Americano with Milk,Morning,Sat,Mar,6,3,02-03-2024,11.59.45
14,card,28.9,Americano,Afternoon,Sat,Mar,6,3,02-03-2024,14.38.35
16,card,33.8,Americano with Milk,Afternoon,Sat,Mar,6,3,02-03-2024,16.37.24
17,card,28.9,Americano,Night,Sat,Mar,6,3,02-03-2024,17.34.54
10,card,38.7,Latte,Morning,Sun,Mar,7,3,03-03-2024,10.27.18
11,card,28.9,Cortado,Morning,Sun,Mar,7,3,03-03-2024,11.33.56
12,card,28.9,Americano,Afternoon,Sun,Mar,7,3,03-03-2024,12.26.56
13,card,38.7,Hot Chocolate,Afternoon,Sun,Mar,7,3,03-03-2024,13.09.36
17,card,38.7,Cocoa,Night,Sun,Mar,7,3,03-03-2024,17.06.40
17,card,28.9,Cortado,Night,Sun,Mar,7,3,03-03-2024,17.08.45
18,card,33.8,Americano with Milk,Night,Sun,Mar,7,3,03-03-2024,18.03.23
18,card,33.8,Americano with Milk,Night,Sun,Mar,7,3,03-03-2024,18.04.27
18,card,38.7,Hot Chocolate,Night,Sun,Mar,7,3,03-03-2024,18.08.04
10,card,38.7,Latte,Morning,Mon,Mar,1,3,04-03-2024,10.03.51
10,card,38.7,Latte,Morning,Mon,Mar,1,3,04-03-2024,10.54.50
11,card,33.8,Americano with Milk,Morning,Mon,Mar,1,3,04-03-2024,11.05.16
14,card,24,Espresso,Afternoon,Mon,Mar,1,3,04-03-2024,14.04.37
9,card,38.7,Latte,Morning,Tue,Mar,2,3,05-03-2024,9.59.52
14,card,38.7,Latte,Afternoon,Tue,Mar,2,3,05-03-2024,14.34.55
17,card,38.7,Latte,Night,Tue,Mar,2,3,05-03-2024,17.34.06
17,card,38.7,Hot Chocolate,Night,Tue,Mar,2,3,05-03-2024,17.35.25
17,card,38.7,Cocoa,Night,Tue,Mar,2,3,05-03-2024,17.36.28
17,card,38.7,Hot Chocolate,Night,Tue,Mar,2,3,05-03-2024,17.37.13
17,card,38.7,Hot Chocolate,Night,Tue,Mar,2,3,05-03-2024,17.38.09
17,card,28.9,Cortado,Night,Tue,Mar,2,3,05-03-2024,17.56.15
18,card,38.7,Hot Chocolate,Night,Tue,Mar,2,3,05-03-2024,18.01.31
13,card,28.9,Americano,Afternoon,Wed,Mar,3,3,06-03-2024,13.24.07
13,card,28.9,Cortado,Afternoon,Wed,Mar,3,3,06-03-2024,13.25.14
14,card,38.7,Cappuccino,Afternoon,Wed,Mar,3,3,06-03-2024,14.52.01
14,card,38.7,Cappuccino,Afternoon,Wed,Mar,3,3,06-03-2024,14.53.18
10,card,38.7,Hot Chocolate,Morning,Thu,Mar,4,3,07-03-2024,10.18.40
11,card,38.7,Latte,Morning,Thu,Mar,4,3,07-03-2024,11.03.58
15,card,28.9,Americano,Afternoon,Thu,Mar,4,3,07-03-2024,15.40.22
15,card,33.8,Americano with Milk,Afternoon,Thu,Mar,4,3,07-03-2024,15.41.28
10,card,28.9,Cortado,Morning,Fri,Mar,5,3,08-03-2024,10.34.41
12,card,38.7,Cappuccino,Afternoon,Fri,Mar,5,3,08-03-2024,12.22.28
13,card,28.9,Americano,Afternoon,Fri,Mar,5,3,08-03-2024,13.53.02
14,card,28.9,Americano,Afternoon,Fri,Mar,5,3,08-03-2024,14.44.12
14,card,28.9,Americano,Afternoon,Fri,Mar,5,3,08-03-2024,14.45.11
14,card,33.8,Americano with Milk,Afternoon,Fri,Mar,5,3,08-03-2024,14.46.11
18,card,38.7,Latte,Night,Fri,Mar,5,3,08-03-2024,18.57.51
18,card,38.7,Latte,Night,Fri,Mar,5,3,08-03-2024,18.59.24
12,card,24,Espresso,Afternoon,Sat,Mar,6,3,09-03-2024,12.05.15
12,card,28.9,Americano,Afternoon,Sat,Mar,6,3,09-03-2024,12.07.38
12,card,38.7,Cappuccino,Afternoon,Sat,Mar,6,3,09-03-2024,12.09.47
12,card,28.9,Americano,Afternoon,Sat,Mar,6,3,09-03-2024,12.13.03
12,card,28.9,Americano,Afternoon,Sat,Mar,6,3,09-03-2024,12.14.26
13,card,38.7,Latte,Afternoon,Sat,Mar,6,3,09-03-2024,13.09.22
13,card,33.8,Americano with Milk,Afternoon,Sat,Mar,6,3,09-03-2024,13.41.06
13,card,28.9,Cortado,Afternoon,Sat,Mar,6,3,09-03-2024,13.53.10
13,card,38.7,Cappuccino,Afternoon,Sat,Mar,6,3,09-03-2024,13.54.36
14,card,33.8,Americano with Milk,Afternoon,Sat,Mar,6,3,09-03-2024,14.08.01
14,card,38.7,Hot Chocolate,Afternoon,Sat,Mar,6,3,09-03-2024,14.26.52
19,card,38.7,Cappuccino,Night,Sat,Mar,6,3,09-03-2024,19.17.57
19,card,38.7,Hot Chocolate,Night,Sat,Mar,6,3,09-03-2024,19.19.10
11,card,24,Espresso,Morning,Sun,Mar,7,3,10-03-2024,11.19.20
19,card,38.7,Latte,Night,Sun,Mar,7,3,10-03-2024,19.34.00
19,card,28.9,Cortado,Night,Sun,Mar,7,3,10-03-2024,19.35.54
11,card,38.7,Cappuccino,Morning,Mon,Mar,1,3,11-03-2024,11.32.58
16,card,28.9,Americano,Afternoon,Mon,Mar,1,3,11-03-2024,16.24.26
16,card,38.7,Latte,Afternoon,Mon,Mar,1,3,11-03-2024,16.25.45
16,card,28.9,Cortado,Afternoon,Mon,Mar,1,3,11-03-2024,16.50.49
10,card,28.9,Americano,Morning,Tue,Mar,2,3,12-03-2024,10.15.34
10,card,28.9,Cortado,Morning,Tue,Mar,2,3,12-03-2024,10.16.24
11,card,38.7,Hot Chocolate,Morning,Tue,Mar,2,3,12-03-2024,11.20.45
12,card,33.8,Americano with Milk,Afternoon,Tue,Mar,2,3,12-03-2024,12.46.23
12,card,28.9,Americano,Afternoon,Tue,Mar,2,3,12-03-2024,12.47.26
16,card,28.9,Americano,Afternoon,Tue,Mar,2,3,12-03-2024,16.15.43
11,card,38.7,Hot Chocolate,Morning,Wed,Mar,3,3,13-03-2024,11.06.43
11,card,28.9,Americano,Morning,Wed,Mar,3,3,13-03-2024,11.48.16
12,card,28.9,Americano,Afternoon,Wed,Mar,3,3,13-03-2024,12.18.06
12,card,28.9,Americano,Afternoon,Wed,Mar,3,3,13-03-2024,12.19.05
14,card,33.8,Americano with Milk,Afternoon,Wed,Mar,3,3,13-03-2024,14.26.40
15,card,24,Espresso,Afternoon,Wed,Mar,3,3,13-03-2024,15.40.22
15,card,24,Espresso,Afternoon,Wed,Mar,3,3,13-03-2024,15.41.20
16,card,24,Espresso,Afternoon,Wed,Mar,3,3,13-03-2024,16.47.09
10,card,38.7,Latte,Morning,Thu,Mar,4,3,14-03-2024,10.28.33
10,card,38.7,Hot Chocolate,Morning,Thu,Mar,4,3,14-03-2024,10.29.34
13,card,28.9,Cortado,Afternoon,Thu,Mar,4,3,14-03-2024,13.27.29
13,card,28.9,Americano,Afternoon,Thu,Mar,4,3,14-03-2024,13.28.24
13,card,33.8,Americano with Milk,Afternoon,Thu,Mar,4,3,14-03-2024,13.51.59
13,card,24,Espresso,Afternoon,Thu,Mar,4,3,14-03-2024,13.52.56
15,card,38.7,Latte,Afternoon,Thu,Mar,4,3,14-03-2024,15.20.38
16,card,33.8,Americano with Milk,Afternoon,Thu,Mar,4,3,14-03-2024,16.04.09
16,card,24,Espresso,Afternoon,Thu,Mar,4,3,14-03-2024,16.54.38
18,card,38.7,Hot Chocolate,Night,Thu,Mar,4,3,14-03-2024,18.58.55
19,card,28.9,Cortado,Night,Thu,Mar,4,3,14-03-2024,19.00.08
10,card,38.7,Hot Chocolate,Morning,Fri,Mar,5,3,15-03-2024,10.53.02
18,card,28.9,Americano,Night,Fri,Mar,5,3,15-03-2024,18.19.27
12,card,33.8,Americano with Milk,Afternoon,Sat,Mar,6,3,16-03-2024,12.06.55
12,card,28.9,Americano,Afternoon,Sat,Mar,6,3,16-03-2024,12.07.53
15,card,28.9,Cortado,Afternoon,Sat,Mar,6,3,16-03-2024,15.58.18
16,card,28.9,Cortado,Afternoon,Sat,Mar,6,3,16-03-2024,16.03.21
16,card,28.9,Cortado,Afternoon,Sat,Mar,6,3,16-03-2024,16.04.11
17,card,33.8,Americano with Milk,Night,Sat,Mar,6,3,16-03-2024,17.58.07
12,card,28.9,Cortado,Afternoon,Sun,Mar,7,3,17-03-2024,12.55.26
11,card,28.9,Cortado,Morning,Mon,Mar,1,3,18-03-2024,11.17.59
15,card,28.9,Americano,Afternoon,Mon,Mar,1,3,18-03-2024,15.31.39
15,card,28.9,Americano,Afternoon,Mon,Mar,1,3,18-03-2024,15.32.38
15,card,28.9,Americano,Afternoon,Mon,Mar,1,3,18-03-2024,15.33.36
14,card,38.7,Latte,Afternoon,Tue,Mar,2,3,19-03-2024,14.02.21
14,card,38.7,Latte,Afternoon,Tue,Mar,2,3,19-03-2024,14.03.19
15,card,38.7,Hot Chocolate,Afternoon,Tue,Mar,2,3,19-03-2024,15.04.36
16,card,33.8,Americano with Milk,Afternoon,Tue,Mar,2,3,19-03-2024,16.53.48
11,card,28.9,Cortado,Morning,Wed,Mar,3,3,20-03-2024,11.41.16
12,card,28.9,Cortado,Afternoon,Wed,Mar,3,3,20-03-2024,12.30.48
13,card,38.7,Cappuccino,Afternoon,Wed,Mar,3,3,20-03-2024,13.16.47
16,card,38.7,Cocoa,Afternoon,Wed,Mar,3,3,20-03-2024,16.42.38
17,card,38.7,Latte,Night,Wed,Mar,3,3,20-03-2024,17.50.28
12,card,28.9,Cortado,Afternoon,Thu,Mar,4,3,21-03-2024,12.25.09
12,card,38.7,Cappuccino,Afternoon,Thu,Mar,4,3,21-03-2024,12.26.17
17,card,28.9,Cortado,Night,Thu,Mar,4,3,21-03-2024,17.22.01
19,card,38.7,Latte,Night,Thu,Mar,4,3,21-03-2024,19.20.36
10,card,33.8,Americano with Milk,Morning,Fri,Mar,5,3,22-03-2024,10.35.53
13,card,33.8,Americano with Milk,Afternoon,Fri,Mar,5,3,22-03-2024,13.29.20
17,card,28.9,Americano,Night,Fri,Mar,5,3,22-03-2024,17.17.03
17,card,24,Espresso,Night,Fri,Mar,5,3,22-03-2024,17.17.58
17,card,28.9,Americano,Night,Fri,Mar,5,3,22-03-2024,17.20.49
10,card,38.7,Latte,Morning,Sat,Mar,6,3,23-03-2024,10.43.59
10,card,33.8,Americano with Milk,Morning,Sat,Mar,6,3,23-03-2024,10.45.07
13,card,38.7,Cappuccino,Afternoon,Sat,Mar,6,3,23-03-2024,13.10.07
13,card,38.7,Cocoa,Afternoon,Sat,Mar,6,3,23-03-2024,13.11.12
14,card,33.8,Americano with Milk,Afternoon,Sat,Mar,6,3,23-03-2024,14.44.41
15,card,38.7,Latte,Afternoon,Sat,Mar,6,3,23-03-2024,15.47.19
15,card,33.8,Americano with Milk,Afternoon,Sat,Mar,6,3,23-03-2024,15.49.33
16,card,28.9,Cortado,Afternoon,Sat,Mar,6,3,23-03-2024,16.00.58
18,card,38.7,Latte,Night,Sun,Mar,7,3,24-03-2024,18.45.08
10,card,38.7,Latte,Morning,Mon,Mar,1,3,25-03-2024,10.31.47
14,card,38.7,Latte,Afternoon,Mon,Mar,1,3,25-03-2024,14.27.09
14,card,38.7,Latte,Afternoon,Mon,Mar,1,3,25-03-2024,14.29.25
18,card,33.8,Americano with Milk,Night,Mon,Mar,1,3,25-03-2024,18.37.30
19,card,38.7,Cappuccino,Night,Mon,Mar,1,3,25-03-2024,19.34.24
10,card,38.7,Cocoa,Morning,Tue,Mar,2,3,26-03-2024,10.35.49
10,card,38.7,Latte,Morning,Tue,Mar,2,3,26-03-2024,10.36.36
10,card,38.7,Latte,Morning,Tue,Mar,2,3,26-03-2024,10.42.30
11,card,28.9,Cortado,Morning,Tue,Mar,2,3,26-03-2024,11.11.47
13,card,28.9,Americano,Afternoon,Tue,Mar,2,3,26-03-2024,13.35.52
13,card,28.9,Cortado,Afternoon,Tue,Mar,2,3,26-03-2024,13.36.49
13,card,28.9,Cortado,Afternoon,Tue,Mar,2,3,26-03-2024,13.37.59
13,card,28.9,Americano,Afternoon,Tue,Mar,2,3,26-03-2024,13.57.53
15,card,38.7,Latte,Afternoon,Tue,Mar,2,3,26-03-2024,15.48.02
18,card,38.7,Latte,Night,Tue,Mar,2,3,26-03-2024,18.33.38
18,card,38.7,Hot Chocolate,Night,Tue,Mar,2,3,26-03-2024,18.34.54
11,card,28.9,Cortado,Morning,Wed,Mar,3,3,27-03-2024,11.04.51
11,card,33.8,Americano with Milk,Morning,Wed,Mar,3,3,27-03-2024,11.05.58
12,card,33.8,Americano with Milk,Afternoon,Wed,Mar,3,3,27-03-2024,12.57.00
13,card,38.7,Hot Chocolate,Afternoon,Wed,Mar,3,3,27-03-2024,13.35.20
14,card,38.7,Cappuccino,Afternoon,Wed,Mar,3,3,27-03-2024,14.22.31
14,card,28.9,Americano,Afternoon,Wed,Mar,3,3,27-03-2024,14.23.35
18,card,28.9,Cortado,Night,Wed,Mar,3,3,27-03-2024,18.30.11
14,card,28.9,Cortado,Afternoon,Thu,Mar,4,3,28-03-2024,14.24.47
17,card,28.9,Cortado,Night,Thu,Mar,4,3,28-03-2024,17.24.46
17,card,28.9,Americano,Night,Thu,Mar,4,3,28-03-2024,17.27.05
17,card,38.7,Latte,Night,Thu,Mar,4,3,28-03-2024,17.32.44
10,card,38.7,Latte,Morning,Fri,Mar,5,3,29-03-2024,10.56.19
12,card,38.7,Cappuccino,Afternoon,Fri,Mar,5,3,29-03-2024,12.34.17
12,card,38.7,Cappuccino,Afternoon,Fri,Mar,5,3,29-03-2024,12.41.32
11,card,38.7,Latte,Morning,Sat,Mar,6,3,30-03-2024,11.59.19
16,card,38.7,Latte,Afternoon,Sat,Mar,6,3,30-03-2024,16.12.31
16,card,38.7,Latte,Afternoon,Sat,Mar,6,3,30-03-2024,16.36.40
16,card,33.8,Americano with Milk,Afternoon,Sat,Mar,6,3,30-03-2024,16.37.57
10,card,38.7,Cappuccino,Morning,Sun,Mar,7,3,31-03-2024,10.40.04
10,card,28.9,Americano,Morning,Mon,Apr,1,4,01-04-2024,10.28.47
10,card,33.8,Americano with Milk,Morning,Mon,Apr,1,4,01-04-2024,10.29.42
10,card,33.8,Americano with Milk,Morning,Mon,Apr,1,4,01-04-2024,10.30.43
11,card,33.8,Americano with Milk,Morning,Mon,Apr,1,4,01-04-2024,11.15.43
18,card,33.8,Americano with Milk,Night,Mon,Apr,1,4,01-04-2024,18.18.42
18,card,38.7,Hot Chocolate,Night,Mon,Apr,1,4,01-04-2024,18.45.27
10,card,38.7,Latte,Morning,Tue,Apr,2,4,02-04-2024,10.01.14
16,card,28.9,Americano,Afternoon,Tue,Apr,2,4,02-04-2024,16.18.34
16,card,28.9,Cortado,Afternoon,Tue,Apr,2,4,02-04-2024,16.19.28
10,card,28.9,Cortado,Morning,Wed,Apr,3,4,03-04-2024,10.19.13
10,card,28.9,Americano,Morning,Wed,Apr,3,4,03-04-2024,10.20.07
13,card,38.7,Cappuccino,Afternoon,Wed,Apr,3,4,03-04-2024,13.12.05
10,card,38.7,Latte,Morning,Thu,Apr,4,4,04-04-2024,10.44.55
11,card,38.7,Latte,Morning,Thu,Apr,4,4,04-04-2024,11.26.38
11,card,38.7,Cappuccino,Morning,Thu,Apr,4,4,04-04-2024,11.27.48
12,card,28.9,Cortado,Afternoon,Thu,Apr,4,4,04-04-2024,12.23.02
10,card,28.9,Americano,Morning,Fri,Apr,5,4,05-04-2024,10.40.42
10,card,28.9,Americano,Morning,Fri,Apr,5,4,05-04-2024,10.42.06
11,card,28.9,Cortado,Morning,Fri,Apr,5,4,05-04-2024,11.06.14
12,card,33.8,Americano with Milk,Afternoon,Fri,Apr,5,4,05-04-2024,12.14.27
14,card,38.7,Latte,Afternoon,Fri,Apr,5,4,05-04-2024,14.23.40
14,card,28.9,Cortado,Afternoon,Fri,Apr,5,4,05-04-2024,14.24.50
16,card,24,Espresso,Afternoon,Fri,Apr,5,4,05-04-2024,16.18.23
12,card,33.8,Americano with Milk,Afternoon,Sat,Apr,6,4,06-04-2024,12.32.31
14,card,38.7,Cappuccino,Afternoon,Sat,Apr,6,4,06-04-2024,14.13.18
14,card,28.9,Americano,Afternoon,Sat,Apr,6,4,06-04-2024,14.14.27
14,card,38.7,Latte,Afternoon,Sat,Apr,6,4,06-04-2024,14.49.50
10,card,38.7,Latte,Morning,Sun,Apr,7,4,07-04-2024,10.12.53
12,card,38.7,Cappuccino,Afternoon,Sun,Apr,7,4,07-04-2024,12.44.31
12,card,38.7,Cappuccino,Afternoon,Sun,Apr,7,4,07-04-2024,12.46.05
14,card,28.9,Cortado,Afternoon,Sun,Apr,7,4,07-04-2024,14.16.24
14,card,24,Espresso,Afternoon,Sun,Apr,7,4,07-04-2024,14.17.30
18,card,38.7,Hot Chocolate,Night,Sun,Apr,7,4,07-04-2024,18.01.16
18,card,33.8,Americano with Milk,Night,Sun,Apr,7,4,07-04-2024,18.02.03
10,card,33.8,Americano with Milk,Morning,Mon,Apr,1,4,08-04-2024,10.58.21
10,card,38.7,Cappuccino,Morning,Mon,Apr,1,4,08-04-2024,10.59.27
11,card,28.9,Americano,Morning,Mon,Apr,1,4,08-04-2024,11.01.20
11,card,38.7,Cappuccino,Morning,Mon,Apr,1,4,08-04-2024,11.04.47
16,card,38.7,Latte,Afternoon,Mon,Apr,1,4,08-04-2024,16.41.37
18,card,28.9,Americano,Night,Mon,Apr,1,4,08-04-2024,18.18.09
19,card,33.8,Americano with Milk,Night,Mon,Apr,1,4,08-04-2024,19.22.27
19,card,38.7,Cappuccino,Night,Mon,Apr,1,4,08-04-2024,19.23.59
11,card,38.7,Latte,Morning,Tue,Apr,2,4,09-04-2024,11.42.28
15,card,38.7,Hot Chocolate,Afternoon,Tue,Apr,2,4,09-04-2024,15.11.48
17,card,38.7,Hot Chocolate,Night,Tue,Apr,2,4,09-04-2024,17.25.23
17,card,24,Espresso,Night,Wed,Apr,3,4,10-04-2024,17.55.31
18,card,38.7,Cappuccino,Night,Wed,Apr,3,4,10-04-2024,18.24.59
20,card,38.7,Latte,Night,Wed,Apr,3,4,10-04-2024,20.04.05
10,card,28.9,Americano,Morning,Thu,Apr,4,4,11-04-2024,10.41.23
10,card,28.9,Americano,Morning,Thu,Apr,4,4,11-04-2024,10.42.59
16,card,38.7,Latte,Afternoon,Thu,Apr,4,4,11-04-2024,16.35.23
19,card,38.7,Cappuccino,Night,Thu,Apr,4,4,11-04-2024,19.16.56
19,card,33.8,Americano with Milk,Night,Thu,Apr,4,4,11-04-2024,19.18.36
19,card,38.7,Hot Chocolate,Night,Fri,Apr,5,4,12-04-2024,19.03.43
19,card,28.9,Cortado,Night,Fri,Apr,5,4,12-04-2024,19.38.23
12,card,38.7,Latte,Afternoon,Sat,Apr,6,4,13-04-2024,12.29.19
12,card,28.9,Americano,Afternoon,Sat,Apr,6,4,13-04-2024,12.43.02
16,card,38.7,Cappuccino,Afternoon,Sat,Apr,6,4,13-04-2024,16.18.03
16,card,38.7,Latte,Afternoon,Sat,Apr,6,4,13-04-2024,16.19.39
17,card,38.7,Cappuccino,Night,Sat,Apr,6,4,13-04-2024,17.51.26
17,card,38.7,Cappuccino,Night,Sat,Apr,6,4,13-04-2024,17.53.19
12,card,38.7,Cappuccino,Afternoon,Sun,Apr,7,4,14-04-2024,12.24.39
13,card,28.9,Cortado,Afternoon,Sun,Apr,7,4,14-04-2024,13.21.49
14,card,28.9,Americano,Afternoon,Sun,Apr,7,4,14-04-2024,14.23.31
14,card,28.9,Americano,Afternoon,Sun,Apr,7,4,14-04-2024,14.24.26
14,card,28.9,Americano,Afternoon,Sun,Apr,7,4,14-04-2024,14.25.18
15,card,38.7,Cappuccino,Afternoon,Sun,Apr,7,4,14-04-2024,15.46.27
16,card,28.9,Cortado,Afternoon,Sun,Apr,7,4,14-04-2024,16.59.54
17,card,38.7,Latte,Night,Sun,Apr,7,4,14-04-2024,17.00.45
18,card,38.7,Cappuccino,Night,Sun,Apr,7,4,14-04-2024,18.38.19
11,card,28.9,Americano,Morning,Mon,Apr,1,4,15-04-2024,11.45.24
17,card,28.9,Americano,Night,Mon,Apr,1,4,15-04-2024,17.01.46
17,card,33.8,Americano with Milk,Night,Mon,Apr,1,4,15-04-2024,17.02.49
19,card,33.8,Americano with Milk,Night,Mon,Apr,1,4,15-04-2024,19.33.03
10,card,33.8,Americano with Milk,Morning,Tue,Apr,2,4,16-04-2024,10.46.25
12,card,38.7,Cocoa,Afternoon,Tue,Apr,2,4,16-04-2024,12.40.47
12,card,28.9,Cortado,Afternoon,Tue,Apr,2,4,16-04-2024,12.52.07
15,card,28.9,Americano,Afternoon,Tue,Apr,2,4,16-04-2024,15.03.16
17,card,33.8,Americano with Milk,Night,Tue,Apr,2,4,16-04-2024,17.42.04
17,card,38.7,Cappuccino,Night,Tue,Apr,2,4,16-04-2024,17.43.22
18,card,38.7,Cocoa,Night,Tue,Apr,2,4,16-04-2024,18.09.05
13,card,28.9,Americano,Afternoon,Wed,Apr,3,4,17-04-2024,13.32.59
13,card,24,Espresso,Afternoon,Wed,Apr,3,4,17-04-2024,13.44.00
17,card,38.7,Cappuccino,Night,Wed,Apr,3,4,17-04-2024,17.01.35
17,card,38.7,Cappuccino,Night,Wed,Apr,3,4,17-04-2024,17.02.40
18,card,28.9,Cortado,Night,Wed,Apr,3,4,17-04-2024,18.14.03
11,card,28.9,Americano,Morning,Thu,Apr,4,4,18-04-2024,11.19.01
11,card,28.9,Americano,Morning,Thu,Apr,4,4,18-04-2024,11.20.05
13,card,33.8,Americano with Milk,Afternoon,Thu,Apr,4,4,18-04-2024,13.49.12
13,card,28.9,Cortado,Afternoon,Thu,Apr,4,4,18-04-2024,13.50.17
14,card,38.7,Cappuccino,Afternoon,Thu,Apr,4,4,18-04-2024,14.34.19
14,card,38.7,Latte,Afternoon,Thu,Apr,4,4,18-04-2024,14.35.49
17,card,38.7,Latte,Night,Thu,Apr,4,4,18-04-2024,17.44.15
18,card,38.7,Cappuccino,Night,Thu,Apr,4,4,18-04-2024,18.21.05
19,card,38.7,Hot Chocolate,Night,Thu,Apr,4,4,18-04-2024,19.39.51
19,card,38.7,Hot Chocolate,Night,Thu,Apr,4,4,18-04-2024,19.40.48
10,card,38.7,Latte,Morning,Fri,Apr,5,4,19-04-2024,10.10.36
13,card,33.8,Americano with Milk,Afternoon,Fri,Apr,5,4,19-04-2024,13.11.47
13,card,38.7,Cappuccino,Afternoon,Fri,Apr,5,4,19-04-2024,13.13.20
13,card,38.7,Hot Chocolate,Afternoon,Fri,Apr,5,4,19-04-2024,13.58.54
13,card,38.7,Cappuccino,Afternoon,Fri,Apr,5,4,19-04-2024,13.59.49
18,card,38.7,Cocoa,Night,Fri,Apr,5,4,19-04-2024,18.23.19
18,card,33.8,Americano with Milk,Night,Fri,Apr,5,4,19-04-2024,18.25.33
12,card,33.8,Americano with Milk,Afternoon,Sat,Apr,6,4,20-04-2024,12.08.35
12,card,33.8,Americano with Milk,Afternoon,Sat,Apr,6,4,20-04-2024,12.09.42
13,card,28.9,Americano,Afternoon,Sat,Apr,6,4,20-04-2024,13.08.37
13,card,33.8,Americano with Milk,Afternoon,Sat,Apr,6,4,20-04-2024,13.09.47
13,card,38.7,Hot Chocolate,Afternoon,Sat,Apr,6,4,20-04-2024,13.10.55
14,card,38.7,Cappuccino,Afternoon,Sat,Apr,6,4,20-04-2024,14.44.18
15,card,33.8,Americano with Milk,Afternoon,Sat,Apr,6,4,20-04-2024,15.11.00
15,card,32.82,Americano with Milk,Afternoon,Sat,Apr,6,4,20-04-2024,15.22.40
15,card,32.82,Americano with Milk,Afternoon,Sat,Apr,6,4,20-04-2024,15.49.25
18,card,37.72,Cappuccino,Night,Sat,Apr,6,4,20-04-2024,18.27.41
18,card,37.72,Cappuccino,Night,Sat,Apr,6,4,20-04-2024,18.28.46
19,card,37.72,Latte,Night,Sat,Apr,6,4,20-04-2024,19.30.55
11,card,37.72,Latte,Morning,Sun,Apr,7,4,21-04-2024,11.16.45
14,card,27.92,Americano,Afternoon,Sun,Apr,7,4,21-04-2024,14.15.37
11,card,27.92,Americano,Morning,Mon,Apr,1,4,22-04-2024,11.09.16
11,card,32.82,Americano with Milk,Morning,Mon,Apr,1,4,22-04-2024,11.29.27
19,card,37.72,Latte,Night,Mon,Apr,1,4,22-04-2024,19.39.04
14,card,37.72,Cappuccino,Afternoon,Tue,Apr,2,4,23-04-2024,14.22.35
14,card,32.82,Americano with Milk,Afternoon,Tue,Apr,2,4,23-04-2024,14.23.53
14,card,37.72,Cappuccino,Afternoon,Tue,Apr,2,4,23-04-2024,14.24.57
19,card,32.82,Americano with Milk,Night,Tue,Apr,2,4,23-04-2024,19.42.27
19,card,32.82,Americano with Milk,Night,Tue,Apr,2,4,23-04-2024,19.43.26
10,card,37.72,Latte,Morning,Wed,Apr,3,4,24-04-2024,10.19.38
10,card,32.82,Americano with Milk,Morning,Wed,Apr,3,4,24-04-2024,10.21.27
11,card,32.82,Americano with Milk,Morning,Wed,Apr,3,4,24-04-2024,11.23.46
11,card,32.82,Americano with Milk,Morning,Wed,Apr,3,4,24-04-2024,11.33.26
12,card,32.82,Americano with Milk,Afternoon,Wed,Apr,3,4,24-04-2024,12.39.09
16,card,32.82,Americano with Milk,Afternoon,Wed,Apr,3,4,24-04-2024,16.39.07
19,card,32.82,Americano with Milk,Night,Wed,Apr,3,4,24-04-2024,19.39.49
19,card,37.72,Cappuccino,Night,Wed,Apr,3,4,24-04-2024,19.40.54
10,card,27.92,Americano,Morning,Thu,Apr,4,4,25-04-2024,10.46.08
15,card,37.72,Latte,Afternoon,Thu,Apr,4,4,25-04-2024,15.18.26
17,card,27.92,Americano,Night,Thu,Apr,4,4,25-04-2024,17.09.43
17,card,27.92,Americano,Night,Thu,Apr,4,4,25-04-2024,17.10.49
10,card,37.72,Latte,Morning,Fri,Apr,5,4,26-04-2024,10.12.50
12,card,37.72,Latte,Afternoon,Fri,Apr,5,4,26-04-2024,12.01.30
13,card,37.72,Cappuccino,Afternoon,Fri,Apr,5,4,26-04-2024,13.31.28
15,card,27.92,Americano,Afternoon,Fri,Apr,5,4,26-04-2024,15.32.35
15,card,27.92,Americano,Afternoon,Fri,Apr,5,4,26-04-2024,15.33.33
16,card,27.92,Cortado,Afternoon,Fri,Apr,5,4,26-04-2024,16.23.26
16,card,27.92,Americano,Afternoon,Fri,Apr,5,4,26-04-2024,16.24.33
19,card,37.72,Hot Chocolate,Night,Fri,Apr,5,4,26-04-2024,19.32.07
19,card,37.72,Cocoa,Night,Fri,Apr,5,4,26-04-2024,19.33.30
15,card,37.72,Cappuccino,Afternoon,Sat,Apr,6,4,27-04-2024,15.27.00
10,card,37.72,Latte,Morning,Sun,Apr,7,4,28-04-2024,10.32.52
12,card,37.72,Cappuccino,Afternoon,Sun,Apr,7,4,28-04-2024,12.30.09
18,card,27.92,Americano,Night,Sun,Apr,7,4,28-04-2024,18.27.08
18,card,27.92,Americano,Night,Sun,Apr,7,4,28-04-2024,18.28.11
18,card,37.72,Latte,Night,Sun,Apr,7,4,28-04-2024,18.29.02
11,card,27.92,Cortado,Morning,Mon,Apr,1,4,29-04-2024,11.26.31
13,card,27.92,Americano,Afternoon,Mon,Apr,1,4,29-04-2024,13.27.56
13,card,27.92,Cortado,Afternoon,Mon,Apr,1,4,29-04-2024,13.28.53
13,card,27.92,Cortado,Afternoon,Mon,Apr,1,4,29-04-2024,13.53.35
13,card,32.82,Americano with Milk,Afternoon,Mon,Apr,1,4,29-04-2024,13.54.24
18,card,37.72,Cappuccino,Night,Mon,Apr,1,4,29-04-2024,18.37.48
19,card,37.72,Cappuccino,Night,Mon,Apr,1,4,29-04-2024,19.12.33
19,card,37.72,Cappuccino,Night,Mon,Apr,1,4,29-04-2024,19.13.37
10,card,37.72,Latte,Morning,Tue,Apr,2,4,30-04-2024,10.16.41
10,card,32.82,Americano with Milk,Morning,Tue,Apr,2,4,30-04-2024,10.34.52
10,card,32.82,Americano with Milk,Morning,Tue,Apr,2,4,30-04-2024,10.35.47
13,card,27.92,Americano,Afternoon,Tue,Apr,2,4,30-04-2024,13.41.52
13,card,32.82,Americano with Milk,Afternoon,Tue,Apr,2,4,30-04-2024,13.42.59
19,card,37.72,Cappuccino,Night,Tue,Apr,2,4,30-04-2024,19.19.18
19,card,32.82,Americano with Milk,Night,Tue,Apr,2,4,30-04-2024,19.30.04
19,card,37.72,Latte,Night,Tue,Apr,2,4,30-04-2024,19.31.20
10,card,27.92,Americano,Morning,Thu,May,4,5,02-05-2024,10.33.55
13,card,32.82,Americano with Milk,Afternoon,Thu,May,4,5,02-05-2024,13.49.39
18,card,37.72,Cappuccino,Night,Thu,May,4,5,02-05-2024,18.36.22
18,card,32.82,Americano with Milk,Night,Thu,May,4,5,02-05-2024,18.41.11
19,card,37.72,Latte,Night,Thu,May,4,5,02-05-2024,19.18.33
19,card,37.72,Cappuccino,Night,Thu,May,4,5,02-05-2024,19.19.56
14,card,37.72,Latte,Afternoon,Fri,May,5,5,03-05-2024,14.30.00
17,card,37.72,Latte,Night,Fri,May,5,5,03-05-2024,17.03.24
10,card,27.92,Americano,Morning,Mon,May,1,5,06-05-2024,10.05.17
10,card,37.72,Cappuccino,Morning,Mon,May,1,5,06-05-2024,10.06.51
10,card,32.82,Americano with Milk,Morning,Mon,May,1,5,06-05-2024,10.08.05
10,card,27.92,Americano,Morning,Mon,May,1,5,06-05-2024,10.09.07
10,card,27.92,Cortado,Morning,Mon,May,1,5,06-05-2024,10.39.12
13,card,27.92,Cortado,Afternoon,Mon,May,1,5,06-05-2024,13.18.10
13,card,27.92,Americano,Afternoon,Mon,May,1,5,06-05-2024,13.19.00
19,card,37.72,Cappuccino,Night,Mon,May,1,5,06-05-2024,19.18.12
19,card,37.72,Cappuccino,Night,Mon,May,1,5,06-05-2024,19.19.49
10,card,37.72,Cocoa,Morning,Tue,May,2,5,07-05-2024,10.44.55
11,card,27.92,Cortado,Morning,Tue,May,2,5,07-05-2024,11.21.58
13,card,27.92,Cortado,Afternoon,Tue,May,2,5,07-05-2024,13.23.34
16,card,37.72,Cocoa,Afternoon,Tue,May,2,5,07-05-2024,16.42.07
16,card,27.92,Americano,Afternoon,Tue,May,2,5,07-05-2024,16.55.38
17,card,37.72,Cappuccino,Night,Tue,May,2,5,07-05-2024,17.37.46
17,card,37.72,Latte,Night,Tue,May,2,5,07-05-2024,17.38.48
19,card,37.72,Cappuccino,Night,Tue,May,2,5,07-05-2024,19.12.12
19,card,37.72,Cappuccino,Night,Tue,May,2,5,07-05-2024,19.13.12
10,card,37.72,Latte,Morning,Wed,May,3,5,08-05-2024,10.07.28
12,card,37.72,Cappuccino,Afternoon,Thu,May,4,5,09-05-2024,12.54.21
13,card,27.92,Americano,Afternoon,Thu,May,4,5,09-05-2024,13.03.58
13,card,37.72,Latte,Afternoon,Thu,May,4,5,09-05-2024,13.04.57
13,card,37.72,Latte,Afternoon,Thu,May,4,5,09-05-2024,13.06.11
13,card,37.72,Latte,Afternoon,Thu,May,4,5,09-05-2024,13.07.16
16,card,27.92,Americano,Afternoon,Thu,May,4,5,09-05-2024,16.55.14
16,card,27.92,Americano,Afternoon,Thu,May,4,5,09-05-2024,16.56.14
18,card,27.92,Americano,Night,Thu,May,4,5,09-05-2024,18.01.29
18,card,32.82,Americano with Milk,Night,Thu,May,4,5,09-05-2024,18.13.56
15,card,37.72,Latte,Afternoon,Fri,May,5,5,10-05-2024,15.46.21
15,card,37.72,Latte,Afternoon,Fri,May,5,5,10-05-2024,15.47.32
11,card,37.72,Latte,Morning,Sat,May,6,5,11-05-2024,11.39.52
17,card,32.82,Americano with Milk,Night,Sat,May,6,5,11-05-2024,17.20.30
17,card,37.72,Cocoa,Night,Sat,May,6,5,11-05-2024,17.21.56
17,card,37.72,Cappuccino,Night,Sat,May,6,5,11-05-2024,17.23.57
17,card,32.82,Americano with Milk,Night,Sat,May,6,5,11-05-2024,17.28.54
18,card,37.72,Cappuccino,Night,Sat,May,6,5,11-05-2024,18.35.40
19,card,37.72,Latte,Night,Sat,May,6,5,11-05-2024,19.38.16
10,card,37.72,Latte,Morning,Sun,May,7,5,12-05-2024,10.20.42
13,card,37.72,Latte,Afternoon,Sun,May,7,5,12-05-2024,13.24.03
13,card,27.92,Americano,Afternoon,Sun,May,7,5,12-05-2024,13.27.39
15,card,37.72,Latte,Afternoon,Sun,May,7,5,12-05-2024,15.16.19
15,card,32.82,Americano with Milk,Afternoon,Sun,May,7,5,12-05-2024,15.38.02
15,card,32.82,Americano with Milk,Afternoon,Sun,May,7,5,12-05-2024,15.52.14
16,card,32.82,Americano with Milk,Afternoon,Sun,May,7,5,12-05-2024,16.04.21
19,card,32.82,Americano with Milk,Night,Sun,May,7,5,12-05-2024,19.41.30
11,card,32.82,Americano with Milk,Morning,Mon,May,1,5,13-05-2024,11.03.53
8,card,27.92,Americano,Morning,Tue,May,2,5,14-05-2024,8.38.14
8,card,27.92,Americano,Morning,Tue,May,2,5,14-05-2024,8.39.25
8,card,27.92,Americano,Morning,Tue,May,2,5,14-05-2024,8.40.17
10,card,37.72,Cappuccino,Morning,Tue,May,2,5,14-05-2024,10.19.23
11,card,37.72,Latte,Morning,Tue,May,2,5,14-05-2024,11.32.29
11,card,37.72,Cappuccino,Morning,Tue,May,2,5,14-05-2024,11.34.12
14,card,37.72,Cappuccino,Afternoon,Tue,May,2,5,14-05-2024,14.04.54
14,card,32.82,Americano with Milk,Afternoon,Tue,May,2,5,14-05-2024,14.06.00
15,card,27.92,Americano,Afternoon,Tue,May,2,5,14-05-2024,15.01.54
16,card,32.82,Americano with Milk,Afternoon,Tue,May,2,5,14-05-2024,16.57.57
16,card,37.72,Cappuccino,Afternoon,Tue,May,2,5,14-05-2024,16.59.10
22,card,37.72,Hot Chocolate,Night,Tue,May,2,5,14-05-2024,22.51.25
8,card,37.72,Latte,Morning,Wed,May,3,5,15-05-2024,8.40.05
11,card,23.02,Espresso,Morning,Wed,May,3,5,15-05-2024,11.14.19
11,card,27.92,Americano,Morning,Wed,May,3,5,15-05-2024,11.19.10
13,card,27.92,Americano,Afternoon,Wed,May,3,5,15-05-2024,13.34.35
13,card,27.92,Americano,Afternoon,Wed,May,3,5,15-05-2024,13.35.29
13,card,27.92,Americano,Afternoon,Wed,May,3,5,15-05-2024,13.36.27
13,card,32.82,Americano with Milk,Afternoon,Wed,May,3,5,15-05-2024,13.55.28
14,card,27.92,Cortado,Afternoon,Wed,May,3,5,15-05-2024,14.38.52
14,card,27.92,Cortado,Afternoon,Wed,May,3,5,15-05-2024,14.39.44
17,card,23.02,Espresso,Night,Wed,May,3,5,15-05-2024,17.28.58
20,card,37.72,Cappuccino,Night,Wed,May,3,5,15-05-2024,20.20.34
10,card,32.82,Americano with Milk,Morning,Thu,May,4,5,16-05-2024,10.38.42
10,card,32.82,Americano with Milk,Morning,Thu,May,4,5,16-05-2024,10.39.49
12,card,32.82,Americano with Milk,Afternoon,Thu,May,4,5,16-05-2024,12.14.00
15,card,37.72,Hot Chocolate,Afternoon,Thu,May,4,5,16-05-2024,15.15.16
17,card,37.72,Latte,Night,Thu,May,4,5,16-05-2024,17.44.31
18,card,37.72,Hot Chocolate,Night,Thu,May,4,5,16-05-2024,18.12.56
18,card,37.72,Latte,Night,Thu,May,4,5,16-05-2024,18.13.58
9,card,27.92,Americano,Morning,Fri,May,5,5,17-05-2024,9.00.48
11,card,32.82,Americano with Milk,Morning,Fri,May,5,5,17-05-2024,11.30.27
19,card,32.82,Americano with Milk,Night,Fri,May,5,5,17-05-2024,19.55.18
19,card,37.72,Cappuccino,Night,Fri,May,5,5,17-05-2024,19.56.46
20,card,37.72,Cappuccino,Night,Fri,May,5,5,17-05-2024,20.37.52
22,card,27.92,Americano,Night,Fri,May,5,5,17-05-2024,22.34.50
22,card,37.72,Latte,Night,Fri,May,5,5,17-05-2024,22.36.33
22,card,37.72,Latte,Night,Fri,May,5,5,17-05-2024,22.37.42
8,card,37.72,Cappuccino,Morning,Sat,May,6,5,18-05-2024,8.01.37
8,card,37.72,Cappuccino,Morning,Sat,May,6,5,18-05-2024,8.02.39
11,card,32.82,Americano with Milk,Morning,Sat,May,6,5,18-05-2024,11.15.56
16,card,32.82,Americano with Milk,Afternoon,Sat,May,6,5,18-05-2024,16.48.29
16,card,32.82,Americano with Milk,Afternoon,Sat,May,6,5,18-05-2024,16.49.27
19,card,32.82,Americano with Milk,Night,Sat,May,6,5,18-05-2024,19.58.44
20,card,37.72,Latte,Night,Sat,May,6,5,18-05-2024,20.22.53
7,card,27.92,Americano,Morning,Sun,May,7,5,19-05-2024,7.58.38
7,card,27.92,Americano,Morning,Sun,May,7,5,19-05-2024,7.59.33
8,card,37.72,Cappuccino,Morning,Sun,May,7,5,19-05-2024,8.00.35
12,card,32.82,Americano with Milk,Afternoon,Sun,May,7,5,19-05-2024,12.14.26
14,card,27.92,Americano,Afternoon,Sun,May,7,5,19-05-2024,14.43.40
15,card,32.82,Americano with Milk,Afternoon,Sun,May,7,5,19-05-2024,15.58.58
18,card,32.82,Americano with Milk,Night,Sun,May,7,5,19-05-2024,18.12.36
18,card,23.02,Espresso,Night,Sun,May,7,5,19-05-2024,18.13.47
18,card,37.72,Hot Chocolate,Night,Sun,May,7,5,19-05-2024,18.16.30
19,card,37.72,Cappuccino,Night,Sun,May,7,5,19-05-2024,19.51.06
21,card,37.72,Cappuccino,Night,Sun,May,7,5,19-05-2024,21.15.41
21,card,37.72,Cappuccino,Night,Sun,May,7,5,19-05-2024,21.18.36
10,card,32.82,Americano with Milk,Morning,Mon,May,1,5,20-05-2024,10.05.59
10,card,37.72,Latte,Morning,Mon,May,1,5,20-05-2024,10.17.51
10,card,37.72,Latte,Morning,Mon,May,1,5,20-05-2024,10.58.48
11,card,27.92,Americano,Morning,Mon,May,1,5,20-05-2024,11.15.16
11,card,27.92,Americano,Morning,Mon,May,1,5,20-05-2024,11.16.19
13,card,27.92,Americano,Afternoon,Mon,May,1,5,20-05-2024,13.27.13
13,card,27.92,Americano,Afternoon,Mon,May,1,5,20-05-2024,13.28.10
14,card,32.82,Americano with Milk,Afternoon,Mon,May,1,5,20-05-2024,14.13.19
14,card,37.72,Cappuccino,Afternoon,Mon,May,1,5,20-05-2024,14.14.31
17,card,37.72,Latte,Night,Mon,May,1,5,20-05-2024,17.12.51
17,card,37.72,Latte,Night,Mon,May,1,5,20-05-2024,17.13.56
20,card,32.82,Americano with Milk,Night,Mon,May,1,5,20-05-2024,20.36.48
20,card,37.72,Cocoa,Night,Mon,May,1,5,20-05-2024,20.37.57
20,card,27.92,Cortado,Night,Mon,May,1,5,20-05-2024,20.46.52
21,card,32.82,Americano with Milk,Night,Mon,May,1,5,20-05-2024,21.36.53
21,card,32.82,Americano with Milk,Night,Mon,May,1,5,20-05-2024,21.37.57
8,card,37.72,Latte,Morning,Tue,May,2,5,21-05-2024,8.27.38
16,card,37.72,Latte,Afternoon,Tue,May,2,5,21-05-2024,16.10.19
18,card,23.02,Espresso,Night,Tue,May,2,5,21-05-2024,18.13.23
19,card,37.72,Cappuccino,Night,Tue,May,2,5,21-05-2024,19.11.09
20,card,37.72,Cappuccino,Night,Tue,May,2,5,21-05-2024,20.13.48
9,card,37.72,Cappuccino,Morning,Wed,May,3,5,22-05-2024,9.34.41
10,card,32.82,Americano with Milk,Morning,Wed,May,3,5,22-05-2024,10.49.47
11,card,27.92,Cortado,Morning,Wed,May,3,5,22-05-2024,11.18.14
11,card,32.82,Americano with Milk,Morning,Wed,May,3,5,22-05-2024,11.34.54
12,card,27.92,Americano,Afternoon,Wed,May,3,5,22-05-2024,12.29.50
12,card,27.92,Americano,Afternoon,Wed,May,3,5,22-05-2024,12.30.43
14,card,32.82,Americano with Milk,Afternoon,Wed,May,3,5,22-05-2024,14.00.20
19,card,37.72,Cappuccino,Night,Wed,May,3,5,22-05-2024,19.24.58
19,card,37.72,Cappuccino,Night,Wed,May,3,5,22-05-2024,19.25.58
21,card,37.72,Hot Chocolate,Night,Wed,May,3,5,22-05-2024,0.00.00
21,card,37.72,Cappuccino,Night,Wed,May,3,5,22-05-2024,21.24.49
10,card,37.72,Cappuccino,Morning,Thu,May,4,5,23-05-2024,10.10.19
12,card,23.02,Espresso,Afternoon,Thu,May,4,5,23-05-2024,12.22.06
15,card,37.72,Cappuccino,Afternoon,Thu,May,4,5,23-05-2024,15.55.16
15,card,37.72,Cappuccino,Afternoon,Thu,May,4,5,23-05-2024,15.56.27
16,card,37.72,Cappuccino,Afternoon,Thu,May,4,5,23-05-2024,16.18.14
16,card,37.72,Latte,Afternoon,Thu,May,4,5,23-05-2024,16.41.00
17,card,37.72,Cappuccino,Night,Thu,May,4,5,23-05-2024,17.14.33
17,card,37.72,Latte,Night,Thu,May,4,5,23-05-2024,17.15.44
19,card,27.92,Cortado,Night,Thu,May,4,5,23-05-2024,19.03.53
19,card,37.72,Cappuccino,Night,Thu,May,4,5,23-05-2024,19.17.28
19,card,37.72,Cappuccino,Night,Thu,May,4,5,23-05-2024,19.18.26
19,card,37.72,Cappuccino,Night,Thu,May,4,5,23-05-2024,19.42.31
20,card,37.72,Cappuccino,Night,Thu,May,4,5,23-05-2024,20.15.01
20,card,37.72,Latte,Night,Thu,May,4,5,23-05-2024,20.16.24
22,card,32.82,Americano with Milk,Night,Thu,May,4,5,23-05-2024,22.48.10
11,card,27.92,Cortado,Morning,Fri,May,5,5,24-05-2024,11.11.59
11,card,27.92,Americano,Morning,Fri,May,5,5,24-05-2024,11.15.08
11,card,27.92,Americano,Morning,Fri,May,5,5,24-05-2024,11.16.13
16,card,37.72,Hot Chocolate,Afternoon,Fri,May,5,5,24-05-2024,16.07.19
18,card,27.92,Cortado,Night,Fri,May,5,5,24-05-2024,18.17.40
18,card,27.92,Cortado,Night,Fri,May,5,5,24-05-2024,18.18.36
22,card,32.82,Americano with Milk,Night,Fri,May,5,5,24-05-2024,22.30.40
12,card,37.72,Latte,Afternoon,Sat,May,6,5,25-05-2024,12.13.53
12,card,32.82,Americano with Milk,Afternoon,Sat,May,6,5,25-05-2024,12.42.10
12,card,32.82,Americano with Milk,Afternoon,Sat,May,6,5,25-05-2024,12.43.13
12,card,32.82,Americano with Milk,Afternoon,Sat,May,6,5,25-05-2024,12.58.12
16,card,32.82,Americano with Milk,Afternoon,Sat,May,6,5,25-05-2024,16.47.09
16,card,27.92,Americano,Afternoon,Sat,May,6,5,25-05-2024,16.48.16
10,card,37.72,Latte,Morning,Sun,May,7,5,26-05-2024,10.20.02
14,card,32.82,Americano with Milk,Afternoon,Sun,May,7,5,26-05-2024,14.24.49
14,card,27.92,Cortado,Afternoon,Sun,May,7,5,26-05-2024,14.26.05
14,card,32.82,Americano with Milk,Afternoon,Sun,May,7,5,26-05-2024,14.40.58
17,card,37.72,Cappuccino,Night,Sun,May,7,5,26-05-2024,17.19.15
18,card,37.72,Hot Chocolate,Night,Sun,May,7,5,26-05-2024,18.09.52
18,card,37.72,Hot Chocolate,Night,Sun,May,7,5,26-05-2024,18.11.02
18,card,27.92,Americano,Night,Sun,May,7,5,26-05-2024,18.13.14
18,card,37.72,Latte,Night,Sun,May,7,5,26-05-2024,18.39.18
20,card,37.72,Hot Chocolate,Night,Sun,May,7,5,26-05-2024,20.59.14
21,card,37.72,Cappuccino,Night,Sun,May,7,5,26-05-2024,21.00.05
21,card,27.92,Cortado,Night,Sun,May,7,5,26-05-2024,21.02.36
21,card,37.72,Cappuccino,Night,Sun,May,7,5,26-05-2024,21.03.51
21,card,37.72,Latte,Night,Sun,May,7,5,26-05-2024,21.04.58
21,card,37.72,Cappuccino,Night,Sun,May,7,5,26-05-2024,21.06.02
11,card,27.92,Americano,Morning,Mon,May,1,5,27-05-2024,11.34.55
14,card,32.82,Americano with Milk,Afternoon,Mon,May,1,5,27-05-2024,14.05.21
14,card,37.72,Cocoa,Afternoon,Mon,May,1,5,27-05-2024,14.06.43
15,card,27.92,Americano,Afternoon,Mon,May,1,5,27-05-2024,15.11.34
15,card,27.92,Americano,Afternoon,Mon,May,1,5,27-05-2024,15.14.05
17,card,37.72,Latte,Night,Mon,May,1,5,27-05-2024,17.50.55
18,card,27.92,Americano,Night,Mon,May,1,5,27-05-2024,18.00.50
19,card,37.72,Latte,Night,Mon,May,1,5,27-05-2024,19.16.27
19,card,37.72,Latte,Night,Mon,May,1,5,27-05-2024,19.17.38
21,card,32.82,Americano with Milk,Night,Mon,May,1,5,27-05-2024,21.29.07
21,card,37.72,Cappuccino,Night,Mon,May,1,5,27-05-2024,21.30.19
8,card,32.82,Americano with Milk,Morning,Tue,May,2,5,28-05-2024,8.37.09
9,card,32.82,Americano with Milk,Morning,Tue,May,2,5,28-05-2024,9.20.10
11,card,37.72,Cappuccino,Morning,Tue,May,2,5,28-05-2024,11.48.18
13,card,37.72,Cappuccino,Afternoon,Tue,May,2,5,28-05-2024,13.14.40
14,card,37.72,Cocoa,Afternoon,Tue,May,2,5,28-05-2024,14.10.53
16,card,27.92,Cortado,Afternoon,Tue,May,2,5,28-05-2024,16.25.39
19,card,27.92,Americano,Night,Tue,May,2,5,28-05-2024,19.09.29
19,card,37.72,Latte,Night,Tue,May,2,5,28-05-2024,19.10.31
20,card,32.82,Americano with Milk,Night,Tue,May,2,5,28-05-2024,20.24.32
20,card,27.92,Americano,Night,Tue,May,2,5,28-05-2024,20.50.19
9,card,37.72,Latte,Morning,Wed,May,3,5,29-05-2024,9.14.43
11,card,37.72,Hot Chocolate,Morning,Wed,May,3,5,29-05-2024,11.14.02
15,card,27.92,Americano,Afternoon,Wed,May,3,5,29-05-2024,15.10.48
15,card,37.72,Latte,Afternoon,Wed,May,3,5,29-05-2024,15.22.56
15,card,37.72,Cappuccino,Afternoon,Wed,May,3,5,29-05-2024,15.45.12
16,card,37.72,Latte,Afternoon,Wed,May,3,5,29-05-2024,16.45.03
18,card,27.92,Cortado,Night,Wed,May,3,5,29-05-2024,18.24.03
18,card,37.72,Latte,Night,Wed,May,3,5,29-05-2024,18.24.59
20,card,37.72,Hot Chocolate,Night,Wed,May,3,5,29-05-2024,20.30.42
20,card,37.72,Cocoa,Night,Wed,May,3,5,29-05-2024,20.32.35
8,card,37.72,Cappuccino,Morning,Thu,May,4,5,30-05-2024,8.29.06
8,card,37.72,Latte,Morning,Thu,May,4,5,30-05-2024,8.30.21
8,card,32.82,Americano with Milk,Morning,Thu,May,4,5,30-05-2024,8.37.05
9,card,37.72,Latte,Morning,Thu,May,4,5,30-05-2024,9.47.59
14,card,32.82,Americano with Milk,Afternoon,Thu,May,4,5,30-05-2024,14.56.15
15,card,23.02,Espresso,Afternoon,Thu,May,4,5,30-05-2024,15.16.15
15,card,23.02,Espresso,Afternoon,Thu,May,4,5,30-05-2024,15.17.38
19,card,37.72,Cappuccino,Night,Thu,May,4,5,30-05-2024,19.53.11
20,card,37.72,Latte,Night,Thu,May,4,5,30-05-2024,20.31.05
20,card,37.72,Hot Chocolate,Night,Thu,May,4,5,30-05-2024,20.46.13
20,card,32.82,Americano with Milk,Night,Thu,May,4,5,30-05-2024,20.47.21
7,card,32.82,Americano with Milk,Morning,Fri,May,5,5,31-05-2024,7.53.57
9,card,37.72,Latte,Morning,Fri,May,5,5,31-05-2024,9.21.07
10,card,37.72,Hot Chocolate,Morning,Fri,May,5,5,31-05-2024,10.38.07
10,card,37.72,Cocoa,Morning,Fri,May,5,5,31-05-2024,10.39.06
14,card,32.82,Americano with Milk,Afternoon,Fri,May,5,5,31-05-2024,14.50.12
18,card,37.72,Latte,Night,Fri,May,5,5,31-05-2024,18.23.44
18,card,37.72,Latte,Night,Fri,May,5,5,31-05-2024,18.25.03
20,card,37.72,Cappuccino,Night,Fri,May,5,5,31-05-2024,20.06.39
20,card,32.82,Americano with Milk,Night,Fri,May,5,5,31-05-2024,20.33.06
20,card,37.72,Latte,Night,Fri,May,5,5,31-05-2024,20.34.32
22,card,37.72,Cappuccino,Night,Fri,May,5,5,31-05-2024,22.05.47
22,card,32.82,Americano with Milk,Night,Fri,May,5,5,31-05-2024,22.06.52
22,card,27.92,Cortado,Night,Fri,May,5,5,31-05-2024,22.07.55
8,card,27.92,Cortado,Morning,Sat,Jun,6,6,01-06-2024,8.27.01
9,card,37.72,Latte,Morning,Sat,Jun,6,6,01-06-2024,9.48.24
11,card,37.72,Latte,Morning,Sat,Jun,6,6,01-06-2024,11.38.09
14,card,32.82,Americano with Milk,Afternoon,Sat,Jun,6,6,01-06-2024,14.28.53
18,card,32.82,Americano with Milk,Night,Sat,Jun,6,6,01-06-2024,18.20.12
18,card,32.82,Americano with Milk,Night,Sat,Jun,6,6,01-06-2024,18.21.15
20,card,37.72,Cappuccino,Night,Sat,Jun,6,6,01-06-2024,20.50.10
20,card,37.72,Cappuccino,Night,Sat,Jun,6,6,01-06-2024,20.51.13
20,card,37.72,Cocoa,Night,Sat,Jun,6,6,01-06-2024,20.59.09
21,card,32.82,Americano with Milk,Night,Sat,Jun,6,6,01-06-2024,21.51.04
20,card,37.72,Latte,Night,Sun,Jun,7,6,02-06-2024,20.03.25
20,card,32.82,Americano with Milk,Night,Sun,Jun,7,6,02-06-2024,20.24.02
20,card,37.72,Cappuccino,Night,Sun,Jun,7,6,02-06-2024,20.25.07
21,card,32.82,Americano with Milk,Night,Sun,Jun,7,6,02-06-2024,21.07.20
21,card,37.72,Latte,Night,Sun,Jun,7,6,02-06-2024,21.30.12
10,card,37.72,Latte,Morning,Mon,Jun,1,6,03-06-2024,10.12.04
10,card,37.72,Latte,Morning,Mon,Jun,1,6,03-06-2024,10.27.49
14,card,37.72,Cappuccino,Afternoon,Mon,Jun,1,6,03-06-2024,14.31.42
14,card,32.82,Americano with Milk,Afternoon,Mon,Jun,1,6,03-06-2024,14.33.00
14,card,37.72,Latte,Afternoon,Mon,Jun,1,6,03-06-2024,14.34.06
9,card,27.92,Cortado,Morning,Tue,Jun,2,6,04-06-2024,9.23.42
10,card,32.82,Americano with Milk,Morning,Tue,Jun,2,6,04-06-2024,10.27.13
12,card,37.72,Latte,Afternoon,Tue,Jun,2,6,04-06-2024,12.02.10
12,card,37.72,Hot Chocolate,Afternoon,Tue,Jun,2,6,04-06-2024,12.05.29
15,card,37.72,Latte,Afternoon,Tue,Jun,2,6,04-06-2024,15.30.32
17,card,27.92,Cortado,Night,Tue,Jun,2,6,04-06-2024,17.46.36
17,card,37.72,Cappuccino,Night,Tue,Jun,2,6,04-06-2024,17.47.28
20,card,37.72,Hot Chocolate,Night,Tue,Jun,2,6,04-06-2024,20.13.01
20,card,37.72,Cappuccino,Night,Tue,Jun,2,6,04-06-2024,20.50.33
21,card,27.92,Cortado,Night,Tue,Jun,2,6,04-06-2024,21.31.58
21,card,32.82,Americano with Milk,Night,Tue,Jun,2,6,04-06-2024,21.33.02
21,card,32.82,Americano with Milk,Night,Tue,Jun,2,6,04-06-2024,21.34.55
21,card,32.82,Americano with Milk,Night,Tue,Jun,2,6,04-06-2024,21.36.06
21,card,32.82,Americano with Milk,Night,Tue,Jun,2,6,04-06-2024,21.37.15
8,card,37.72,Cappuccino,Morning,Wed,Jun,3,6,05-06-2024,8.21.48
8,card,37.72,Cappuccino,Morning,Wed,Jun,3,6,05-06-2024,8.23.06
9,card,27.92,Americano,Morning,Wed,Jun,3,6,05-06-2024,9.22.43
10,card,37.72,Latte,Morning,Wed,Jun,3,6,05-06-2024,10.28.50
10,card,32.82,Americano with Milk,Morning,Wed,Jun,3,6,05-06-2024,10.40.53
19,card,32.82,Americano with Milk,Night,Wed,Jun,3,6,05-06-2024,19.43.57
19,card,37.72,Latte,Night,Wed,Jun,3,6,05-06-2024,19.59.53
20,card,37.72,Cocoa,Night,Wed,Jun,3,6,05-06-2024,20.10.47
20,card,27.92,Cortado,Night,Wed,Jun,3,6,05-06-2024,20.12.01
8,card,32.82,Americano with Milk,Morning,Thu,Jun,4,6,06-06-2024,8.52.56
8,card,32.82,Americano with Milk,Morning,Thu,Jun,4,6,06-06-2024,8.54.08
10,card,37.72,Latte,Morning,Thu,Jun,4,6,06-06-2024,10.36.09
12,card,27.92,Americano,Afternoon,Thu,Jun,4,6,06-06-2024,12.17.41
15,card,32.82,Americano with Milk,Afternoon,Thu,Jun,4,6,06-06-2024,15.11.14
15,card,37.72,Cappuccino,Afternoon,Thu,Jun,4,6,06-06-2024,15.24.06
21,card,37.72,Latte,Night,Thu,Jun,4,6,06-06-2024,21.14.05
21,card,37.72,Latte,Night,Thu,Jun,4,6,06-06-2024,21.15.42
21,card,37.72,Cappuccino,Night,Thu,Jun,4,6,06-06-2024,21.18.26
21,card,32.82,Americano with Milk,Night,Thu,Jun,4,6,06-06-2024,21.19.30
21,card,37.72,Latte,Night,Thu,Jun,4,6,06-06-2024,21.21.04
8,card,37.72,Cappuccino,Morning,Fri,Jun,5,6,07-06-2024,8.18.04
10,card,23.02,Espresso,Morning,Fri,Jun,5,6,07-06-2024,10.35.28
13,card,32.82,Americano with Milk,Afternoon,Fri,Jun,5,6,07-06-2024,13.34.18
16,card,27.92,Cortado,Afternoon,Fri,Jun,5,6,07-06-2024,16.45.42
16,card,27.92,Cortado,Afternoon,Fri,Jun,5,6,07-06-2024,16.47.15
9,card,27.92,Cortado,Morning,Sat,Jun,6,6,08-06-2024,9.04.20
9,card,32.82,Americano with Milk,Morning,Sat,Jun,6,6,08-06-2024,9.26.11
20,card,37.72,Cappuccino,Night,Sat,Jun,6,6,08-06-2024,20.24.54
20,card,37.72,Cappuccino,Night,Sat,Jun,6,6,08-06-2024,20.25.56
8,card,37.72,Latte,Morning,Sun,Jun,7,6,09-06-2024,8.15.52
10,card,37.72,Latte,Morning,Sun,Jun,7,6,09-06-2024,10.30.04
10,card,37.72,Cappuccino,Morning,Sun,Jun,7,6,09-06-2024,10.52.05
11,card,27.92,Cortado,Morning,Sun,Jun,7,6,09-06-2024,11.04.41
11,card,23.02,Espresso,Morning,Sun,Jun,7,6,09-06-2024,11.07.08
11,card,37.72,Cappuccino,Morning,Sun,Jun,7,6,09-06-2024,11.52.49
12,card,32.82,Americano with Milk,Afternoon,Sun,Jun,7,6,09-06-2024,12.11.23
12,card,37.72,Latte,Afternoon,Sun,Jun,7,6,09-06-2024,12.13.08
12,card,37.72,Latte,Afternoon,Sun,Jun,7,6,09-06-2024,12.14.10
15,card,27.92,Cortado,Afternoon,Sun,Jun,7,6,09-06-2024,15.10.30
16,card,37.72,Cappuccino,Afternoon,Sun,Jun,7,6,09-06-2024,16.17.28
19,card,32.82,Americano with Milk,Night,Sun,Jun,7,6,09-06-2024,19.21.19
21,card,27.92,Americano,Night,Sun,Jun,7,6,09-06-2024,21.05.08
12,card,37.72,Cappuccino,Afternoon,Mon,Jun,1,6,10-06-2024,12.47.49
12,card,37.72,Latte,Afternoon,Mon,Jun,1,6,10-06-2024,12.56.48
19,card,37.72,Hot Chocolate,Night,Mon,Jun,1,6,10-06-2024,19.04.28
19,card,37.72,Hot Chocolate,Night,Mon,Jun,1,6,10-06-2024,19.05.22
19,card,37.72,Latte,Night,Mon,Jun,1,6,10-06-2024,19.37.23
19,card,37.72,Latte,Night,Mon,Jun,1,6,10-06-2024,19.38.19
10,card,32.82,Americano with Milk,Morning,Tue,Jun,2,6,11-06-2024,10.38.03
18,card,37.72,Latte,Night,Tue,Jun,2,6,11-06-2024,18.48.25
18,card,37.72,Latte,Night,Tue,Jun,2,6,11-06-2024,18.49.36
21,card,37.72,Hot Chocolate,Night,Tue,Jun,2,6,11-06-2024,21.17.03
21,card,32.82,Americano with Milk,Night,Tue,Jun,2,6,11-06-2024,21.27.41
21,card,32.82,Americano with Milk,Night,Tue,Jun,2,6,11-06-2024,21.28.50
10,card,37.72,Hot Chocolate,Morning,Wed,Jun,3,6,12-06-2024,10.18.18
11,card,37.72,Cappuccino,Morning,Wed,Jun,3,6,12-06-2024,11.51.43
17,card,37.72,Latte,Night,Wed,Jun,3,6,12-06-2024,17.41.17
17,card,37.72,Latte,Night,Wed,Jun,3,6,12-06-2024,17.47.27
20,card,37.72,Hot Chocolate,Night,Wed,Jun,3,6,12-06-2024,20.16.33
20,card,32.82,Americano with Milk,Night,Wed,Jun,3,6,12-06-2024,20.25.34
8,card,27.92,Americano,Morning,Thu,Jun,4,6,13-06-2024,8.54.24
8,card,37.72,Latte,Morning,Thu,Jun,4,6,13-06-2024,8.57.25
9,card,32.82,Americano with Milk,Morning,Thu,Jun,4,6,13-06-2024,9.50.25
9,card,27.92,Cortado,Morning,Thu,Jun,4,6,13-06-2024,9.57.11
17,card,32.82,Americano with Milk,Night,Thu,Jun,4,6,13-06-2024,17.04.58
17,card,37.72,Hot Chocolate,Night,Thu,Jun,4,6,13-06-2024,17.27.46
19,card,37.72,Latte,Night,Thu,Jun,4,6,13-06-2024,19.22.19
20,card,32.82,Americano with Milk,Night,Thu,Jun,4,6,13-06-2024,20.20.51
20,card,23.02,Espresso,Night,Thu,Jun,4,6,13-06-2024,20.43.45
20,card,23.02,Espresso,Night,Thu,Jun,4,6,13-06-2024,20.45.00
20,card,32.82,Americano with Milk,Night,Thu,Jun,4,6,13-06-2024,20.48.17
21,card,32.82,Americano with Milk,Night,Thu,Jun,4,6,13-06-2024,21.02.28
7,card,27.92,Cortado,Morning,Fri,Jun,5,6,14-06-2024,7.46.13
10,card,27.92,Americano,Morning,Fri,Jun,5,6,14-06-2024,10.30.31
12,card,37.72,Latte,Afternoon,Fri,Jun,5,6,14-06-2024,12.14.41
18,card,32.82,Americano with Milk,Night,Fri,Jun,5,6,14-06-2024,18.29.53
11,card,37.72,Cappuccino,Morning,Sat,Jun,6,6,15-06-2024,11.26.01
12,card,37.72,Latte,Afternoon,Sat,Jun,6,6,15-06-2024,12.21.28
12,card,32.82,Americano with Milk,Afternoon,Sat,Jun,6,6,15-06-2024,12.22.46
12,card,23.02,Espresso,Afternoon,Sat,Jun,6,6,15-06-2024,12.23.52
12,card,37.72,Cocoa,Afternoon,Sat,Jun,6,6,15-06-2024,12.24.35
12,card,32.82,Americano with Milk,Afternoon,Sat,Jun,6,6,15-06-2024,12.25.23
16,card,32.82,Americano with Milk,Afternoon,Sat,Jun,6,6,15-06-2024,16.03.29
18,card,27.92,Americano,Night,Sat,Jun,6,6,15-06-2024,18.14.04
10,card,32.82,Americano with Milk,Morning,Sun,Jun,7,6,16-06-2024,10.43.51
10,card,37.72,Latte,Morning,Sun,Jun,7,6,16-06-2024,10.58.41
11,card,37.72,Hot Chocolate,Morning,Sun,Jun,7,6,16-06-2024,11.00.38
11,card,37.72,Hot Chocolate,Morning,Sun,Jun,7,6,16-06-2024,11.01.41
12,card,32.82,Americano with Milk,Afternoon,Sun,Jun,7,6,16-06-2024,12.49.27
14,card,23.02,Espresso,Afternoon,Sun,Jun,7,6,16-06-2024,14.00.38
15,card,32.82,Americano with Milk,Afternoon,Sun,Jun,7,6,16-06-2024,15.02.36
15,card,32.82,Americano with Milk,Afternoon,Sun,Jun,7,6,16-06-2024,15.05.10
15,card,37.72,Hot Chocolate,Afternoon,Sun,Jun,7,6,16-06-2024,15.43.59
16,card,37.72,Hot Chocolate,Afternoon,Sun,Jun,7,6,16-06-2024,16.47.36
17,card,32.82,Americano with Milk,Night,Sun,Jun,7,6,16-06-2024,17.45.17
17,card,32.82,Americano with Milk,Night,Sun,Jun,7,6,16-06-2024,17.46.16
8,card,27.92,Americano,Morning,Mon,Jun,1,6,17-06-2024,8.57.24
10,card,27.92,Cortado,Morning,Mon,Jun,1,6,17-06-2024,10.12.05
10,card,27.92,Cortado,Morning,Mon,Jun,1,6,17-06-2024,10.13.37
10,card,37.72,Cappuccino,Morning,Mon,Jun,1,6,17-06-2024,10.55.51
14,card,37.72,Cappuccino,Afternoon,Mon,Jun,1,6,17-06-2024,14.51.35
16,card,37.72,Cappuccino,Afternoon,Mon,Jun,1,6,17-06-2024,16.50.13
16,card,37.72,Cappuccino,Afternoon,Mon,Jun,1,6,17-06-2024,16.51.11
16,card,27.92,Americano,Afternoon,Mon,Jun,1,6,17-06-2024,16.52.36
18,card,27.92,Americano,Night,Mon,Jun,1,6,17-06-2024,18.51.19
21,card,32.82,Americano with Milk,Night,Mon,Jun,1,6,17-06-2024,21.16.11
14,card,27.92,Americano,Afternoon,Tue,Jun,2,6,18-06-2024,14.04.06
14,card,37.72,Cappuccino,Afternoon,Tue,Jun,2,6,18-06-2024,14.05.12
19,card,37.72,Cappuccino,Night,Tue,Jun,2,6,18-06-2024,19.20.40
19,card,37.72,Cappuccino,Night,Tue,Jun,2,6,18-06-2024,19.21.38
20,card,27.92,Cortado,Night,Tue,Jun,2,6,18-06-2024,20.35.49
21,card,32.82,Americano with Milk,Night,Tue,Jun,2,6,18-06-2024,21.20.49
21,card,32.82,Americano with Milk,Night,Tue,Jun,2,6,18-06-2024,21.22.18
7,card,37.72,Latte,Morning,Wed,Jun,3,6,19-06-2024,7.47.19
8,card,27.92,Cortado,Morning,Wed,Jun,3,6,19-06-2024,8.17.54
10,card,27.92,Americano,Morning,Wed,Jun,3,6,19-06-2024,10.54.00
11,card,37.72,Latte,Morning,Wed,Jun,3,6,19-06-2024,11.11.27
11,card,37.72,Cocoa,Morning,Wed,Jun,3,6,19-06-2024,11.12.31
14,card,32.82,Americano with Milk,Afternoon,Wed,Jun,3,6,19-06-2024,14.21.36
18,card,37.72,Cappuccino,Night,Wed,Jun,3,6,19-06-2024,18.28.43
18,card,37.72,Latte,Night,Wed,Jun,3,6,19-06-2024,18.29.58
19,card,32.82,Americano with Milk,Night,Wed,Jun,3,6,19-06-2024,19.31.31
21,card,37.72,Cappuccino,Night,Wed,Jun,3,6,19-06-2024,21.28.59
21,card,32.82,Americano with Milk,Night,Wed,Jun,3,6,19-06-2024,21.30.03
10,card,37.72,Latte,Morning,Thu,Jun,4,6,20-06-2024,10.50.06
18,card,37.72,Latte,Night,Thu,Jun,4,6,20-06-2024,18.59.02
19,card,37.72,Latte,Night,Thu,Jun,4,6,20-06-2024,19.00.00
21,card,37.72,Latte,Night,Thu,Jun,4,6,20-06-2024,21.39.10
21,card,37.72,Latte,Night,Thu,Jun,4,6,20-06-2024,21.57.40
21,card,32.82,Americano with Milk,Night,Thu,Jun,4,6,20-06-2024,21.59.17
9,card,37.72,Latte,Morning,Fri,Jun,5,6,21-06-2024,9.59.55
10,card,27.92,Americano,Morning,Fri,Jun,5,6,21-06-2024,10.01.40
13,card,32.82,Americano with Milk,Afternoon,Fri,Jun,5,6,21-06-2024,13.19.19
13,card,32.82,Americano with Milk,Afternoon,Fri,Jun,5,6,21-06-2024,13.20.31
18,card,23.02,Espresso,Night,Fri,Jun,5,6,21-06-2024,18.12.16
19,card,37.72,Latte,Night,Fri,Jun,5,6,21-06-2024,19.30.26
19,card,37.72,Cappuccino,Night,Fri,Jun,5,6,21-06-2024,19.47.06
19,card,37.72,Cappuccino,Night,Fri,Jun,5,6,21-06-2024,19.48.06
19,card,37.72,Cappuccino,Night,Fri,Jun,5,6,21-06-2024,19.49.54
19,card,37.72,Cappuccino,Night,Fri,Jun,5,6,21-06-2024,19.51.00
19,card,27.92,Americano,Night,Fri,Jun,5,6,21-06-2024,19.52.18
19,card,32.82,Americano with Milk,Night,Fri,Jun,5,6,21-06-2024,19.55.37
8,card,27.92,Cortado,Morning,Sat,Jun,6,6,22-06-2024,8.39.50
9,card,32.82,Americano with Milk,Morning,Sat,Jun,6,6,22-06-2024,9.37.48
12,card,32.82,Americano with Milk,Afternoon,Sat,Jun,6,6,22-06-2024,12.53.15
15,card,37.72,Latte,Afternoon,Sat,Jun,6,6,22-06-2024,15.37.20
22,card,37.72,Cappuccino,Night,Sat,Jun,6,6,22-06-2024,22.10.22
18,card,32.82,Americano with Milk,Night,Sun,Jun,7,6,23-06-2024,18.12.01
18,card,32.82,Americano with Milk,Night,Sun,Jun,7,6,23-06-2024,18.13.50
21,card,37.72,Cappuccino,Night,Sun,Jun,7,6,23-06-2024,21.06.46
21,card,37.72,Latte,Night,Sun,Jun,7,6,23-06-2024,21.29.07
21,card,37.72,Cappuccino,Night,Sun,Jun,7,6,23-06-2024,21.30.36
11,card,32.82,Americano with Milk,Morning,Mon,Jun,1,6,24-06-2024,11.44.39
11,card,37.72,Cappuccino,Morning,Mon,Jun,1,6,24-06-2024,11.49.36
11,card,37.72,Cappuccino,Morning,Mon,Jun,1,6,24-06-2024,11.50.44
15,card,37.72,Latte,Afternoon,Mon,Jun,1,6,24-06-2024,15.02.28
16,card,37.72,Cappuccino,Afternoon,Mon,Jun,1,6,24-06-2024,16.46.00
16,card,37.72,Cappuccino,Afternoon,Mon,Jun,1,6,24-06-2024,16.47.00
8,card,37.72,Latte,Morning,Tue,Jun,2,6,25-06-2024,8.19.24
10,card,32.82,Americano with Milk,Morning,Tue,Jun,2,6,25-06-2024,10.28.26
10,card,32.82,Americano with Milk,Morning,Tue,Jun,2,6,25-06-2024,10.29.42
11,card,37.72,Cappuccino,Morning,Tue,Jun,2,6,25-06-2024,11.34.52
9,card,37.72,Latte,Morning,Wed,Jun,3,6,26-06-2024,9.33.01
16,card,23.02,Espresso,Afternoon,Wed,Jun,3,6,26-06-2024,16.32.29
16,card,27.92,Americano,Afternoon,Wed,Jun,3,6,26-06-2024,16.34.01
21,card,37.72,Latte,Night,Wed,Jun,3,6,26-06-2024,21.21.53
21,card,37.72,Cappuccino,Night,Wed,Jun,3,6,26-06-2024,21.27.00
21,card,32.82,Americano with Milk,Night,Wed,Jun,3,6,26-06-2024,21.28.14
9,card,32.82,Americano with Milk,Morning,Thu,Jun,4,6,27-06-2024,9.15.43
16,card,27.92,Cortado,Afternoon,Thu,Jun,4,6,27-06-2024,0.00.00
21,card,32.82,Americano with Milk,Night,Thu,Jun,4,6,27-06-2024,21.44.03
21,card,37.72,Cappuccino,Night,Thu,Jun,4,6,27-06-2024,21.50.31
8,card,27.92,Cortado,Morning,Fri,Jun,5,6,28-06-2024,8.08.35
17,card,23.02,Espresso,Night,Fri,Jun,5,6,28-06-2024,17.51.53
21,card,32.82,Americano with Milk,Night,Fri,Jun,5,6,28-06-2024,21.50.55
21,card,37.72,Latte,Night,Fri,Jun,5,6,28-06-2024,21.52.01
22,card,37.72,Cappuccino,Night,Fri,Jun,5,6,28-06-2024,22.28.19
9,card,32.82,Americano with Milk,Morning,Sat,Jun,6,6,29-06-2024,9.47.10
11,card,32.82,Americano with Milk,Morning,Sat,Jun,6,6,29-06-2024,11.40.19
11,card,32.82,Americano with Milk,Morning,Sat,Jun,6,6,29-06-2024,11.41.26
12,card,37.72,Cappuccino,Afternoon,Sat,Jun,6,6,29-06-2024,12.30.24
12,card,37.72,Cappuccino,Afternoon,Sat,Jun,6,6,29-06-2024,12.31.42
17,card,37.72,Cappuccino,Night,Sat,Jun,6,6,29-06-2024,17.23.43
17,card,37.72,Hot Chocolate,Night,Sat,Jun,6,6,29-06-2024,17.24.52
21,card,37.72,Latte,Night,Sat,Jun,6,6,29-06-2024,21.27.22
10,card,37.72,Latte,Morning,Sun,Jun,7,6,30-06-2024,10.28.09
13,card,23.02,Espresso,Afternoon,Sun,Jun,7,6,30-06-2024,13.05.50
16,card,37.72,Hot Chocolate,Afternoon,Sun,Jun,7,6,30-06-2024,16.54.41
21,card,32.82,Americano with Milk,Night,Sun,Jun,7,6,30-06-2024,21.04.09
18,card,23.02,Espresso,Night,Mon,Jul,1,7,01-07-2024,18.07.26
18,card,37.72,Cappuccino,Night,Mon,Jul,1,7,01-07-2024,18.56.51
18,card,37.72,Cappuccino,Night,Mon,Jul,1,7,01-07-2024,18.57.54
10,card,32.82,Americano with Milk,Morning,Tue,Jul,2,7,02-07-2024,10.42.54
10,card,27.92,Americano,Morning,Tue,Jul,2,7,02-07-2024,10.45.00
12,card,37.72,Latte,Afternoon,Tue,Jul,2,7,02-07-2024,12.48.05
14,card,27.92,Americano,Afternoon,Tue,Jul,2,7,02-07-2024,14.03.13
16,card,32.82,Americano with Milk,Afternoon,Tue,Jul,2,7,02-07-2024,16.31.24
22,card,32.82,Americano with Milk,Night,Tue,Jul,2,7,02-07-2024,22.02.23
13,card,32.82,Americano with Milk,Afternoon,Wed,Jul,3,7,03-07-2024,13.51.14
16,card,37.72,Cappuccino,Afternoon,Wed,Jul,3,7,03-07-2024,16.01.16
16,card,37.72,Cappuccino,Afternoon,Wed,Jul,3,7,03-07-2024,16.50.25
16,card,32.82,Americano with Milk,Afternoon,Wed,Jul,3,7,03-07-2024,16.53.15
16,card,32.82,Americano with Milk,Afternoon,Wed,Jul,3,7,03-07-2024,16.54.22
16,card,37.72,Latte,Afternoon,Wed,Jul,3,7,03-07-2024,16.55.31
16,card,23.02,Espresso,Afternoon,Wed,Jul,3,7,03-07-2024,16.59.25
17,card,37.72,Cappuccino,Night,Wed,Jul,3,7,03-07-2024,17.59.01
19,card,37.72,Latte,Night,Wed,Jul,3,7,03-07-2024,19.06.09
10,card,32.82,Americano with Milk,Morning,Thu,Jul,4,7,04-07-2024,10.26.23
10,card,27.92,Americano,Morning,Thu,Jul,4,7,04-07-2024,10.27.30
12,card,37.72,Cocoa,Afternoon,Fri,Jul,5,7,05-07-2024,12.20.28
13,card,32.82,Americano with Milk,Afternoon,Fri,Jul,5,7,05-07-2024,13.43.43
13,card,32.82,Americano with Milk,Afternoon,Fri,Jul,5,7,05-07-2024,13.44.43
18,card,23.02,Espresso,Night,Fri,Jul,5,7,05-07-2024,18.55.56
19,card,27.92,Americano,Night,Fri,Jul,5,7,05-07-2024,19.55.07
22,card,23.02,Espresso,Night,Fri,Jul,5,7,05-07-2024,22.11.56
22,card,27.92,Americano,Night,Fri,Jul,5,7,05-07-2024,22.18.03
22,card,27.92,Americano,Night,Fri,Jul,5,7,05-07-2024,22.18.56
22,card,37.72,Cappuccino,Night,Fri,Jul,5,7,05-07-2024,22.20.01
22,card,32.82,Americano with Milk,Night,Fri,Jul,5,7,05-07-2024,22.21.09
10,card,37.72,Latte,Morning,Sat,Jul,6,7,06-07-2024,10.28.06
17,card,32.82,Latte,Night,Sat,Jul,6,7,06-07-2024,17.15.46
17,card,32.82,Latte,Night,Sat,Jul,6,7,06-07-2024,17.17.01
19,card,32.82,Latte,Night,Sat,Jul,6,7,06-07-2024,19.09.46
19,card,27.92,Americano with Milk,Night,Sat,Jul,6,7,06-07-2024,19.10.39
9,card,32.82,Cappuccino,Morning,Sun,Jul,7,7,07-07-2024,9.04.20
9,card,27.92,Americano with Milk,Morning,Sun,Jul,7,7,07-07-2024,9.14.29
9,card,27.92,Americano with Milk,Morning,Sun,Jul,7,7,07-07-2024,9.15.36
9,card,32.82,Cappuccino,Morning,Sun,Jul,7,7,07-07-2024,9.28.48
9,card,32.82,Cappuccino,Morning,Sun,Jul,7,7,07-07-2024,9.29.56
14,card,32.82,Hot Chocolate,Afternoon,Sun,Jul,7,7,07-07-2024,14.56.30
14,card,32.82,Cocoa,Afternoon,Sun,Jul,7,7,07-07-2024,14.57.47
17,card,32.82,Latte,Night,Sun,Jul,7,7,07-07-2024,17.07.50
19,card,32.82,Cappuccino,Night,Sun,Jul,7,7,07-07-2024,19.33.27
20,card,32.82,Hot Chocolate,Night,Sun,Jul,7,7,07-07-2024,20.01.31
22,card,27.92,Americano with Milk,Night,Sun,Jul,7,7,07-07-2024,22.33.36
7,card,32.82,Latte,Morning,Mon,Jul,1,7,08-07-2024,7.33.07
12,card,23.02,Americano,Afternoon,Mon,Jul,1,7,08-07-2024,12.02.50
14,card,23.02,Americano,Afternoon,Mon,Jul,1,7,08-07-2024,14.40.24
19,card,27.92,Americano with Milk,Night,Mon,Jul,1,7,08-07-2024,19.30.34
22,card,32.82,Latte,Night,Mon,Jul,1,7,08-07-2024,22.14.46
10,card,27.92,Americano with Milk,Morning,Tue,Jul,2,7,09-07-2024,10.26.52
10,card,27.92,Americano with Milk,Morning,Tue,Jul,2,7,09-07-2024,10.40.28
11,card,27.92,Americano with Milk,Morning,Tue,Jul,2,7,09-07-2024,11.21.36
11,card,32.82,Cappuccino,Morning,Tue,Jul,2,7,09-07-2024,11.22.49
16,card,27.92,Americano with Milk,Afternoon,Tue,Jul,2,7,09-07-2024,16.42.59
11,card,23.02,Americano,Morning,Wed,Jul,3,7,10-07-2024,11.10.41
12,card,27.92,Americano with Milk,Afternoon,Wed,Jul,3,7,10-07-2024,12.28.53
22,card,32.82,Latte,Night,Wed,Jul,3,7,10-07-2024,22.13.10
11,card,32.82,Hot Chocolate,Morning,Thu,Jul,4,7,11-07-2024,11.27.27
16,card,27.92,Americano with Milk,Afternoon,Thu,Jul,4,7,11-07-2024,16.48.18
22,card,32.82,Latte,Night,Thu,Jul,4,7,11-07-2024,22.22.13
22,card,23.02,Americano,Night,Thu,Jul,4,7,11-07-2024,22.30.58
8,card,23.02,Cortado,Morning,Fri,Jul,5,7,12-07-2024,8.03.17
11,card,32.82,Hot Chocolate,Morning,Fri,Jul,5,7,12-07-2024,11.48.33
22,card,32.82,Hot Chocolate,Night,Fri,Jul,5,7,12-07-2024,22.33.25
22,card,32.82,Hot Chocolate,Night,Fri,Jul,5,7,12-07-2024,22.34.14
22,card,32.82,Hot Chocolate,Night,Fri,Jul,5,7,12-07-2024,22.35.29
10,card,32.82,Latte,Morning,Sat,Jul,6,7,13-07-2024,10.38.10
11,card,32.82,Latte,Morning,Sat,Jul,6,7,13-07-2024,11.41.38
10,card,23.02,Americano,Morning,Sun,Jul,7,7,14-07-2024,10.54.24
10,card,27.92,Americano with Milk,Morning,Sun,Jul,7,7,14-07-2024,10.55.30
10,card,32.82,Cappuccino,Morning,Sun,Jul,7,7,14-07-2024,10.56.30
10,card,32.82,Latte,Morning,Sun,Jul,7,7,14-07-2024,10.57.54
11,card,23.02,Americano,Morning,Sun,Jul,7,7,14-07-2024,11.02.11
22,card,32.82,Latte,Night,Sun,Jul,7,7,14-07-2024,22.31.29
7,card,32.82,Cappuccino,Morning,Mon,Jul,1,7,15-07-2024,7.33.05
12,card,27.92,Americano with Milk,Afternoon,Tue,Jul,2,7,16-07-2024,12.23.37
19,card,32.82,Hot Chocolate,Night,Tue,Jul,2,7,16-07-2024,19.29.25
13,card,27.92,Americano with Milk,Afternoon,Wed,Jul,3,7,17-07-2024,13.04.59
11,card,27.92,Americano with Milk,Morning,Thu,Jul,4,7,18-07-2024,11.10.13
11,card,18.12,Espresso,Morning,Thu,Jul,4,7,18-07-2024,11.11.23
11,card,23.02,Americano,Morning,Thu,Jul,4,7,18-07-2024,11.32.59
11,card,23.02,Americano,Morning,Thu,Jul,4,7,18-07-2024,11.34.48
11,card,23.02,Cortado,Morning,Thu,Jul,4,7,18-07-2024,11.35.51
13,card,32.82,Latte,Afternoon,Thu,Jul,4,7,18-07-2024,13.23.33
18,card,32.82,Cappuccino,Night,Thu,Jul,4,7,18-07-2024,18.18.23
19,card,32.82,Latte,Night,Thu,Jul,4,7,18-07-2024,19.30.50
21,card,32.82,Hot Chocolate,Night,Thu,Jul,4,7,18-07-2024,21.19.41
21,card,32.82,Latte,Night,Thu,Jul,4,7,18-07-2024,21.21.59
21,card,32.82,Latte,Night,Thu,Jul,4,7,18-07-2024,21.46.18
11,card,23.02,Americano,Morning,Fri,Jul,5,7,19-07-2024,11.03.02
11,card,27.92,Americano with Milk,Morning,Fri,Jul,5,7,19-07-2024,11.16.20
12,card,32.82,Latte,Afternoon,Fri,Jul,5,7,19-07-2024,12.58.37
12,card,27.92,Americano with Milk,Afternoon,Fri,Jul,5,7,19-07-2024,12.59.55
14,card,32.82,Latte,Afternoon,Fri,Jul,5,7,19-07-2024,14.09.20
14,card,32.82,Cocoa,Afternoon,Fri,Jul,5,7,19-07-2024,14.11.22
16,card,32.82,Latte,Afternoon,Fri,Jul,5,7,19-07-2024,16.36.19
16,card,32.82,Latte,Afternoon,Fri,Jul,5,7,19-07-2024,16.37.35
8,card,23.02,Americano,Morning,Sat,Jul,6,7,20-07-2024,8.05.44
8,card,32.82,Latte,Morning,Sat,Jul,6,7,20-07-2024,8.06.48
8,card,23.02,Americano,Morning,Sat,Jul,6,7,20-07-2024,8.07.51
9,card,32.82,Latte,Morning,Sat,Jul,6,7,20-07-2024,9.00.53
9,card,32.82,Latte,Morning,Sat,Jul,6,7,20-07-2024,9.02.27
10,card,23.02,Americano,Morning,Sat,Jul,6,7,20-07-2024,10.39.21
15,card,32.82,Latte,Afternoon,Sat,Jul,6,7,20-07-2024,15.15.09
10,card,32.82,Cocoa,Morning,Sun,Jul,7,7,21-07-2024,10.30.55
11,card,32.82,Cappuccino,Morning,Sun,Jul,7,7,21-07-2024,11.39.28
13,card,23.02,Cortado,Afternoon,Sun,Jul,7,7,21-07-2024,13.34.30
13,card,32.82,Latte,Afternoon,Sun,Jul,7,7,21-07-2024,13.42.31
8,card,23.02,Americano,Morning,Mon,Jul,1,7,22-07-2024,8.13.23
8,card,23.02,Americano,Morning,Mon,Jul,1,7,22-07-2024,8.40.49
10,card,27.92,Americano with Milk,Morning,Mon,Jul,1,7,22-07-2024,10.15.37
16,card,32.82,Latte,Afternoon,Mon,Jul,1,7,22-07-2024,16.44.37
8,card,32.82,Latte,Morning,Tue,Jul,2,7,23-07-2024,8.12.56
8,card,23.02,Americano,Morning,Tue,Jul,2,7,23-07-2024,8.40.18
8,card,27.92,Americano with Milk,Morning,Tue,Jul,2,7,23-07-2024,8.44.53
8,card,32.82,Cocoa,Morning,Tue,Jul,2,7,23-07-2024,8.49.25
8,card,32.82,Latte,Morning,Tue,Jul,2,7,23-07-2024,8.51.10
9,card,23.02,Americano,Morning,Tue,Jul,2,7,23-07-2024,9.01.45
10,card,27.92,Americano with Milk,Morning,Tue,Jul,2,7,23-07-2024,10.03.36
15,card,27.92,Americano with Milk,Afternoon,Tue,Jul,2,7,23-07-2024,15.20.04
15,card,32.82,Latte,Afternoon,Tue,Jul,2,7,23-07-2024,15.21.01
21,card,32.82,Latte,Night,Tue,Jul,2,7,23-07-2024,21.01.40
21,card,23.02,Americano,Night,Tue,Jul,2,7,23-07-2024,21.23.13
21,card,23.02,Americano,Night,Tue,Jul,2,7,23-07-2024,21.24.22
9,card,27.92,Americano with Milk,Morning,Wed,Jul,3,7,24-07-2024,9.16.09
9,card,27.92,Americano with Milk,Morning,Wed,Jul,3,7,24-07-2024,9.38.55
9,card,18.12,Espresso,Morning,Wed,Jul,3,7,24-07-2024,9.54.37
11,card,32.82,Cappuccino,Morning,Wed,Jul,3,7,24-07-2024,11.43.53
13,card,32.82,Latte,Afternoon,Wed,Jul,3,7,24-07-2024,13.55.13
14,card,18.12,Espresso,Afternoon,Wed,Jul,3,7,24-07-2024,14.45.49
15,card,32.82,Latte,Afternoon,Wed,Jul,3,7,24-07-2024,15.18.30
19,card,32.82,Cappuccino,Night,Wed,Jul,3,7,24-07-2024,19.15.05
19,card,32.82,Cappuccino,Night,Wed,Jul,3,7,24-07-2024,19.16.59
21,card,27.92,Americano with Milk,Night,Wed,Jul,3,7,24-07-2024,21.17.36
21,card,23.02,Americano,Night,Wed,Jul,3,7,24-07-2024,21.18.41
21,card,23.02,Americano,Night,Wed,Jul,3,7,24-07-2024,21.25.17
7,card,23.02,Americano,Morning,Thu,Jul,4,7,25-07-2024,7.54.47
8,card,32.82,Latte,Morning,Thu,Jul,4,7,25-07-2024,8.49.18
10,card,27.92,Americano with Milk,Morning,Thu,Jul,4,7,25-07-2024,10.29.44
11,card,23.02,Americano,Morning,Thu,Jul,4,7,25-07-2024,11.26.04
15,card,32.82,Cappuccino,Afternoon,Thu,Jul,4,7,25-07-2024,15.25.06
19,card,32.82,Cappuccino,Night,Thu,Jul,4,7,25-07-2024,19.21.00
21,card,23.02,Cortado,Night,Thu,Jul,4,7,25-07-2024,21.06.01
21,card,18.12,Espresso,Night,Thu,Jul,4,7,25-07-2024,21.06.50
22,card,23.02,Cortado,Night,Thu,Jul,4,7,25-07-2024,22.38.51
22,card,32.82,Cocoa,Night,Thu,Jul,4,7,25-07-2024,22.39.46
8,card,32.82,Latte,Morning,Fri,Jul,5,7,26-07-2024,8.33.01
9,card,27.92,Americano with Milk,Morning,Fri,Jul,5,7,26-07-2024,9.19.37
9,card,18.12,Espresso,Morning,Fri,Jul,5,7,26-07-2024,9.20.34
9,card,23.02,Cortado,Morning,Fri,Jul,5,7,26-07-2024,9.33.11
9,card,23.02,Cortado,Morning,Fri,Jul,5,7,26-07-2024,9.34.16
9,card,32.82,Latte,Morning,Fri,Jul,5,7,26-07-2024,9.59.07
10,card,32.82,Latte,Morning,Fri,Jul,5,7,26-07-2024,10.00.02
11,card,27.92,Americano with Milk,Morning,Fri,Jul,5,7,26-07-2024,11.47.13
12,card,27.92,Americano with Milk,Afternoon,Fri,Jul,5,7,26-07-2024,12.07.01
12,card,32.82,Cappuccino,Afternoon,Fri,Jul,5,7,26-07-2024,12.28.08
12,card,32.82,Cappuccino,Afternoon,Fri,Jul,5,7,26-07-2024,12.29.17
13,card,32.82,Latte,Afternoon,Fri,Jul,5,7,26-07-2024,13.09.56
17,card,23.02,Americano,Night,Fri,Jul,5,7,26-07-2024,17.23.29
17,card,32.82,Cappuccino,Night,Fri,Jul,5,7,26-07-2024,17.58.29
21,card,32.82,Latte,Night,Fri,Jul,5,7,26-07-2024,21.15.09
22,card,27.92,Americano with Milk,Night,Fri,Jul,5,7,26-07-2024,22.49.52
9,card,32.82,Cappuccino,Morning,Sat,Jul,6,7,27-07-2024,9.09.16
11,card,27.92,Americano with Milk,Morning,Sat,Jul,6,7,27-07-2024,11.55.31
12,card,27.92,Americano with Milk,Afternoon,Sat,Jul,6,7,27-07-2024,12.25.10
12,card,18.12,Espresso,Afternoon,Sat,Jul,6,7,27-07-2024,12.26.13
12,card,27.92,Americano with Milk,Afternoon,Sat,Jul,6,7,27-07-2024,12.33.23
14,card,18.12,Espresso,Afternoon,Sat,Jul,6,7,27-07-2024,14.28.41
14,card,32.82,Latte,Afternoon,Sat,Jul,6,7,27-07-2024,14.51.53
17,card,32.82,Cappuccino,Night,Sat,Jul,6,7,27-07-2024,17.02.33
17,card,32.82,Cappuccino,Night,Sat,Jul,6,7,27-07-2024,17.03.39
17,card,27.92,Americano with Milk,Night,Sat,Jul,6,7,27-07-2024,17.09.00
17,card,27.92,Americano with Milk,Night,Sat,Jul,6,7,27-07-2024,17.10.08
20,card,32.82,Latte,Night,Sat,Jul,6,7,27-07-2024,20.55.20
22,card,32.82,Cappuccino,Night,Sat,Jul,6,7,27-07-2024,22.56.23
11,card,18.12,Espresso,Morning,Sun,Jul,7,7,28-07-2024,11.07.25
14,card,27.92,Americano with Milk,Afternoon,Sun,Jul,7,7,28-07-2024,14.17.54
14,card,32.82,Latte,Afternoon,Sun,Jul,7,7,28-07-2024,14.18.52
8,card,32.82,Latte,Morning,Mon,Jul,1,7,29-07-2024,8.12.06
9,card,23.02,Americano,Morning,Mon,Jul,1,7,29-07-2024,9.04.47
9,card,27.92,Americano with Milk,Morning,Mon,Jul,1,7,29-07-2024,9.15.46
9,card,23.02,Americano,Morning,Mon,Jul,1,7,29-07-2024,9.19.44
9,card,27.92,Americano with Milk,Morning,Mon,Jul,1,7,29-07-2024,9.51.24
9,card,32.82,Cappuccino,Morning,Mon,Jul,1,7,29-07-2024,9.58.29
10,card,32.82,Hot Chocolate,Morning,Mon,Jul,1,7,29-07-2024,10.43.43
10,card,32.82,Hot Chocolate,Morning,Mon,Jul,1,7,29-07-2024,10.44.55
19,card,32.82,Cappuccino,Night,Mon,Jul,1,7,29-07-2024,19.06.31
19,card,23.02,Americano,Night,Mon,Jul,1,7,29-07-2024,19.30.16
21,card,32.82,Cocoa,Night,Mon,Jul,1,7,29-07-2024,21.57.34
7,card,27.92,Americano with Milk,Morning,Tue,Jul,2,7,30-07-2024,7.41.10
8,card,23.02,Cortado,Morning,Tue,Jul,2,7,30-07-2024,8.05.07
8,card,32.82,Cappuccino,Morning,Tue,Jul,2,7,30-07-2024,8.20.51
9,card,27.92,Americano with Milk,Morning,Tue,Jul,2,7,30-07-2024,9.13.43
10,card,23.02,Cortado,Morning,Tue,Jul,2,7,30-07-2024,10.17.11
10,card,27.92,Americano with Milk,Morning,Tue,Jul,2,7,30-07-2024,10.19.34
10,card,32.82,Latte,Morning,Tue,Jul,2,7,30-07-2024,10.23.20
11,card,23.02,Americano,Morning,Tue,Jul,2,7,30-07-2024,11.12.07
11,card,18.12,Espresso,Morning,Tue,Jul,2,7,30-07-2024,11.13.16
11,card,27.92,Americano with Milk,Morning,Tue,Jul,2,7,30-07-2024,11.14.41
11,card,27.92,Americano with Milk,Morning,Tue,Jul,2,7,30-07-2024,11.16.01
11,card,27.92,Americano with Milk,Morning,Tue,Jul,2,7,30-07-2024,11.30.34
11,card,27.92,Americano with Milk,Morning,Tue,Jul,2,7,30-07-2024,11.31.40
12,card,32.82,Latte,Afternoon,Tue,Jul,2,7,30-07-2024,12.08.07
15,card,27.92,Americano with Milk,Afternoon,Tue,Jul,2,7,30-07-2024,15.16.09
16,card,23.02,Cortado,Afternoon,Tue,Jul,2,7,30-07-2024,16.08.52
16,card,27.92,Americano with Milk,Afternoon,Tue,Jul,2,7,30-07-2024,16.09.43
20,card,18.12,Espresso,Night,Tue,Jul,2,7,30-07-2024,20.24.19
20,card,27.92,Americano with Milk,Night,Tue,Jul,2,7,30-07-2024,20.53.51
20,card,27.92,Americano with Milk,Night,Tue,Jul,2,7,30-07-2024,20.54.46
20,card,27.92,Americano with Milk,Night,Tue,Jul,2,7,30-07-2024,20.57.02
21,card,32.82,Latte,Night,Tue,Jul,2,7,30-07-2024,21.33.19
22,card,23.02,Americano,Night,Tue,Jul,2,7,30-07-2024,22.15.21
22,card,32.82,Cappuccino,Night,Tue,Jul,2,7,30-07-2024,22.16.19
7,card,27.92,Americano with Milk,Morning,Wed,Jul,3,7,31-07-2024,7.59.52
8,card,27.92,Americano with Milk,Morning,Wed,Jul,3,7,31-07-2024,8.37.41
8,card,27.92,Americano with Milk,Morning,Wed,Jul,3,7,31-07-2024,8.38.38
9,card,23.02,Americano,Morning,Wed,Jul,3,7,31-07-2024,9.54.45
9,card,23.02,Americano,Morning,Wed,Jul,3,7,31-07-2024,9.55.45
9,card,27.92,Americano with Milk,Morning,Wed,Jul,3,7,31-07-2024,9.58.15
13,card,32.82,Cocoa,Afternoon,Wed,Jul,3,7,31-07-2024,13.11.42
13,card,32.82,Latte,Afternoon,Wed,Jul,3,7,31-07-2024,13.14.00
13,card,27.92,Americano with Milk,Afternoon,Wed,Jul,3,7,31-07-2024,13.24.49
17,card,23.02,Cortado,Night,Wed,Jul,3,7,31-07-2024,17.48.06
18,card,32.82,Latte,Night,Wed,Jul,3,7,31-07-2024,18.04.14
19,card,23.02,Cortado,Night,Wed,Jul,3,7,31-07-2024,19.22.38
19,card,32.82,Latte,Night,Wed,Jul,3,7,31-07-2024,19.28.45
20,card,32.82,Cocoa,Night,Wed,Jul,3,7,31-07-2024,20.46.42
20,card,23.02,Cortado,Night,Wed,Jul,3,7,31-07-2024,20.50.07
20,card,32.82,Latte,Night,Wed,Jul,3,7,31-07-2024,20.51.10
20,card,32.82,Cappuccino,Night,Wed,Jul,3,7,31-07-2024,20.52.14
20,card,23.02,Cortado,Night,Wed,Jul,3,7,31-07-2024,20.53.35
20,card,27.92,Americano with Milk,Night,Wed,Jul,3,7,31-07-2024,20.59.25
21,card,32.82,Latte,Night,Wed,Jul,3,7,31-07-2024,0.00.00
21,card,32.82,Latte,Night,Wed,Jul,3,7,31-07-2024,21.54.11
21,card,32.82,Latte,Night,Wed,Jul,3,7,31-07-2024,21.55.16
7,card,27.92,Americano with Milk,Morning,Thu,Aug,4,8,01-08-2024,7.31.00
9,card,27.92,Americano with Milk,Morning,Thu,Aug,4,8,01-08-2024,9.25.20
11,card,27.92,Americano with Milk,Morning,Thu,Aug,4,8,01-08-2024,11.04.14
11,card,27.92,Americano with Milk,Morning,Thu,Aug,4,8,01-08-2024,11.22.46
13,card,23.02,Cortado,Afternoon,Thu,Aug,4,8,01-08-2024,13.22.46
13,card,32.82,Cappuccino,Afternoon,Thu,Aug,4,8,01-08-2024,13.23.37
13,card,32.82,Cappuccino,Afternoon,Thu,Aug,4,8,01-08-2024,13.49.07
15,card,27.92,Americano with Milk,Afternoon,Thu,Aug,4,8,01-08-2024,15.43.43
16,card,27.92,Americano with Milk,Afternoon,Thu,Aug,4,8,01-08-2024,16.24.00
16,card,23.02,Americano,Afternoon,Thu,Aug,4,8,01-08-2024,16.26.07
17,card,23.02,Americano,Night,Thu,Aug,4,8,01-08-2024,17.23.35
20,card,32.82,Cappuccino,Night,Thu,Aug,4,8,01-08-2024,20.41.28
9,card,27.92,Americano with Milk,Morning,Fri,Aug,5,8,02-08-2024,9.01.54
9,card,27.92,Americano with Milk,Morning,Fri,Aug,5,8,02-08-2024,9.35.02
11,card,23.02,Cortado,Morning,Fri,Aug,5,8,02-08-2024,11.09.19
18,card,27.92,Americano with Milk,Night,Fri,Aug,5,8,02-08-2024,18.08.35
21,card,32.82,Latte,Night,Fri,Aug,5,8,02-08-2024,21.23.04
8,card,27.92,Americano with Milk,Morning,Sat,Aug,6,8,03-08-2024,8.53.46
9,card,27.92,Americano with Milk,Morning,Sat,Aug,6,8,03-08-2024,9.37.19
9,card,27.92,Americano with Milk,Morning,Sat,Aug,6,8,03-08-2024,9.38.41
10,card,27.92,Americano with Milk,Morning,Sat,Aug,6,8,03-08-2024,10.12.25
11,card,23.02,Cortado,Morning,Sat,Aug,6,8,03-08-2024,11.20.26
11,card,23.02,Cortado,Morning,Sat,Aug,6,8,03-08-2024,0.00.00
11,card,18.12,Espresso,Morning,Sat,Aug,6,8,03-08-2024,11.56.36
11,card,27.92,Americano with Milk,Morning,Sat,Aug,6,8,03-08-2024,11.57.31
12,card,27.92,Americano with Milk,Afternoon,Sat,Aug,6,8,03-08-2024,12.03.35
16,card,27.92,Americano with Milk,Afternoon,Sat,Aug,6,8,03-08-2024,16.53.59
18,card,32.82,Cappuccino,Night,Sat,Aug,6,8,03-08-2024,18.38.42
21,card,32.82,Latte,Night,Sat,Aug,6,8,03-08-2024,21.30.48
21,card,32.82,Latte,Night,Sat,Aug,6,8,03-08-2024,21.33.06
8,card,32.82,Cappuccino,Morning,Sun,Aug,7,8,04-08-2024,8.18.37
10,card,27.92,Americano with Milk,Morning,Sun,Aug,7,8,04-08-2024,10.37.51
11,card,32.82,Cappuccino,Morning,Sun,Aug,7,8,04-08-2024,11.50.54
11,card,27.92,Americano with Milk,Morning,Sun,Aug,7,8,04-08-2024,11.52.33
15,card,32.82,Cappuccino,Afternoon,Sun,Aug,7,8,04-08-2024,15.33.52
15,card,32.82,Cappuccino,Afternoon,Sun,Aug,7,8,04-08-2024,15.35.05
8,card,23.02,Cortado,Morning,Mon,Aug,1,8,05-08-2024,8.50.05
9,card,27.92,Americano with Milk,Morning,Mon,Aug,1,8,05-08-2024,9.19.19
11,card,23.02,Cortado,Morning,Mon,Aug,1,8,05-08-2024,11.20.47
13,card,32.82,Cappuccino,Afternoon,Mon,Aug,1,8,05-08-2024,13.45.22
16,card,32.82,Latte,Afternoon,Mon,Aug,1,8,05-08-2024,16.05.57
16,card,32.82,Latte,Afternoon,Mon,Aug,1,8,05-08-2024,16.07.18
17,card,32.82,Latte,Night,Mon,Aug,1,8,05-08-2024,17.44.24
17,card,27.92,Americano with Milk,Night,Mon,Aug,1,8,05-08-2024,17.45.32
19,card,32.82,Latte,Night,Mon,Aug,1,8,05-08-2024,19.20.02
19,card,32.82,Latte,Night,Mon,Aug,1,8,05-08-2024,19.34.51
20,card,32.82,Cocoa,Night,Mon,Aug,1,8,05-08-2024,20.49.30
20,card,32.82,Cocoa,Night,Mon,Aug,1,8,05-08-2024,20.50.21
22,card,27.92,Americano with Milk,Night,Mon,Aug,1,8,05-08-2024,22.43.48
10,card,23.02,Cortado,Morning,Tue,Aug,2,8,06-08-2024,10.21.03
10,card,32.82,Hot Chocolate,Morning,Tue,Aug,2,8,06-08-2024,10.32.32
17,card,32.82,Cappuccino,Night,Tue,Aug,2,8,06-08-2024,17.40.49
17,card,32.82,Latte,Night,Tue,Aug,2,8,06-08-2024,17.42.52
17,card,32.82,Cocoa,Night,Tue,Aug,2,8,06-08-2024,17.44.05
19,card,32.82,Latte,Night,Tue,Aug,2,8,06-08-2024,19.04.04
19,card,27.92,Americano with Milk,Night,Tue,Aug,2,8,06-08-2024,19.05.23
20,card,32.82,Latte,Night,Tue,Aug,2,8,06-08-2024,20.04.27
8,card,27.92,Americano with Milk,Morning,Wed,Aug,3,8,07-08-2024,8.55.48
12,card,23.02,Americano,Afternoon,Wed,Aug,3,8,07-08-2024,12.12.26
12,card,23.02,Americano,Afternoon,Wed,Aug,3,8,07-08-2024,12.13.40
13,card,18.12,Espresso,Afternoon,Wed,Aug,3,8,07-08-2024,13.11.16
16,card,23.02,Americano,Afternoon,Wed,Aug,3,8,07-08-2024,16.19.01
19,card,32.82,Latte,Night,Wed,Aug,3,8,07-08-2024,19.36.22
20,card,32.82,Cocoa,Night,Wed,Aug,3,8,07-08-2024,20.40.09
21,card,32.82,Cappuccino,Night,Wed,Aug,3,8,07-08-2024,21.18.11
22,card,32.82,Latte,Night,Wed,Aug,3,8,07-08-2024,22.28.56
22,card,32.82,Latte,Night,Wed,Aug,3,8,07-08-2024,22.32.15
8,card,18.12,Espresso,Morning,Thu,Aug,4,8,08-08-2024,8.46.36
8,card,23.02,Cortado,Morning,Thu,Aug,4,8,08-08-2024,8.47.28
12,card,27.92,Americano with Milk,Afternoon,Thu,Aug,4,8,08-08-2024,12.27.05
12,card,23.02,Cortado,Afternoon,Thu,Aug,4,8,08-08-2024,12.43.19
12,card,23.02,Cortado,Afternoon,Thu,Aug,4,8,08-08-2024,12.44.14
16,card,32.82,Cappuccino,Afternoon,Thu,Aug,4,8,08-08-2024,16.57.53
17,card,32.82,Cappuccino,Night,Thu,Aug,4,8,08-08-2024,17.17.51
21,card,27.92,Americano with Milk,Night,Thu,Aug,4,8,08-08-2024,21.25.59
7,card,32.82,Latte,Morning,Fri,Aug,5,8,09-08-2024,7.35.22
9,card,23.02,Americano,Morning,Fri,Aug,5,8,09-08-2024,9.53.34
10,card,23.02,Cortado,Morning,Fri,Aug,5,8,09-08-2024,10.13.07
10,card,27.92,Americano with Milk,Morning,Fri,Aug,5,8,09-08-2024,10.26.47
11,card,32.82,Latte,Morning,Fri,Aug,5,8,09-08-2024,11.28.08
11,card,23.02,Americano,Morning,Fri,Aug,5,8,09-08-2024,11.29.48
18,card,23.02,Americano,Night,Fri,Aug,5,8,09-08-2024,18.56.27
19,card,32.82,Hot Chocolate,Night,Fri,Aug,5,8,09-08-2024,19.03.06
8,card,32.82,Cappuccino,Morning,Sat,Aug,6,8,10-08-2024,8.36.44
8,card,27.92,Americano with Milk,Morning,Sat,Aug,6,8,10-08-2024,8.37.57
8,card,23.02,Cortado,Morning,Sat,Aug,6,8,10-08-2024,8.45.09
11,card,23.02,Cortado,Morning,Sat,Aug,6,8,10-08-2024,11.52.33
11,card,23.02,Americano,Morning,Sat,Aug,6,8,10-08-2024,11.54.23
12,card,32.82,Latte,Afternoon,Sat,Aug,6,8,10-08-2024,12.15.10
12,card,27.92,Americano with Milk,Afternoon,Sat,Aug,6,8,10-08-2024,12.33.12
16,card,32.82,Latte,Afternoon,Sat,Aug,6,8,10-08-2024,16.06.12
21,card,32.82,Cocoa,Night,Sat,Aug,6,8,10-08-2024,21.16.48
21,card,32.82,Cocoa,Night,Sat,Aug,6,8,10-08-2024,21.17.41
21,card,32.82,Cocoa,Night,Sat,Aug,6,8,10-08-2024,21.37.41
9,card,32.82,Latte,Morning,Sun,Aug,7,8,11-08-2024,9.52.36
9,card,32.82,Latte,Morning,Sun,Aug,7,8,11-08-2024,9.53.43
10,card,27.92,Americano with Milk,Morning,Sun,Aug,7,8,11-08-2024,10.17.23
11,card,32.82,Cappuccino,Morning,Sun,Aug,7,8,11-08-2024,11.56.41
11,card,27.92,Americano with Milk,Morning,Sun,Aug,7,8,11-08-2024,11.57.41
12,card,23.02,Cortado,Afternoon,Sun,Aug,7,8,11-08-2024,12.20.19
15,card,32.82,Latte,Afternoon,Sun,Aug,7,8,11-08-2024,15.53.51
15,card,27.92,Americano with Milk,Afternoon,Sun,Aug,7,8,11-08-2024,15.55.14
15,card,32.82,Cocoa,Afternoon,Sun,Aug,7,8,11-08-2024,15.56.27
16,card,32.82,Cappuccino,Afternoon,Sun,Aug,7,8,11-08-2024,16.27.35
16,card,18.12,Espresso,Afternoon,Sun,Aug,7,8,11-08-2024,16.28.38
21,card,23.02,Cortado,Night,Sun,Aug,7,8,11-08-2024,21.30.32
21,card,32.82,Latte,Night,Sun,Aug,7,8,11-08-2024,21.41.09
21,card,32.82,Latte,Night,Sun,Aug,7,8,11-08-2024,21.43.10
22,card,32.82,Cappuccino,Night,Sun,Aug,7,8,11-08-2024,22.39.29
8,card,32.82,Hot Chocolate,Morning,Mon,Aug,1,8,12-08-2024,8.26.19
11,card,27.92,Americano with Milk,Morning,Mon,Aug,1,8,12-08-2024,11.15.04
11,card,23.02,Americano,Morning,Mon,Aug,1,8,12-08-2024,11.19.29
11,card,32.82,Latte,Morning,Mon,Aug,1,8,12-08-2024,11.20.23
11,card,32.82,Latte,Morning,Mon,Aug,1,8,12-08-2024,11.44.28
14,card,18.12,Espresso,Afternoon,Mon,Aug,1,8,12-08-2024,14.04.03
14,card,27.92,Americano with Milk,Afternoon,Mon,Aug,1,8,12-08-2024,14.05.06
15,card,27.92,Americano with Milk,Afternoon,Mon,Aug,1,8,12-08-2024,15.33.33
18,card,27.92,Americano with Milk,Night,Mon,Aug,1,8,12-08-2024,18.05.04
21,card,27.92,Americano with Milk,Night,Mon,Aug,1,8,12-08-2024,21.25.49
21,card,32.82,Latte,Night,Mon,Aug,1,8,12-08-2024,21.37.38
22,card,32.82,Cappuccino,Night,Mon,Aug,1,8,12-08-2024,22.58.20
22,card,32.82,Cappuccino,Night,Mon,Aug,1,8,12-08-2024,22.59.18
8,card,27.92,Americano with Milk,Morning,Tue,Aug,2,8,13-08-2024,8.44.30
9,card,27.92,Americano with Milk,Morning,Tue,Aug,2,8,13-08-2024,9.14.21
9,card,27.92,Americano with Milk,Morning,Tue,Aug,2,8,13-08-2024,9.45.56
10,card,23.02,Cortado,Morning,Tue,Aug,2,8,13-08-2024,10.42.08
11,card,32.82,Latte,Morning,Tue,Aug,2,8,13-08-2024,11.59.47
13,card,27.92,Americano with Milk,Afternoon,Tue,Aug,2,8,13-08-2024,13.01.41
14,card,32.82,Latte,Afternoon,Tue,Aug,2,8,13-08-2024,14.45.39
15,card,32.82,Cappuccino,Afternoon,Tue,Aug,2,8,13-08-2024,15.47.56
15,card,27.92,Americano with Milk,Afternoon,Tue,Aug,2,8,13-08-2024,15.55.29
20,card,32.82,Latte,Night,Tue,Aug,2,8,13-08-2024,20.29.34
20,card,32.82,Cocoa,Night,Tue,Aug,2,8,13-08-2024,20.30.37
20,card,32.82,Cappuccino,Night,Tue,Aug,2,8,13-08-2024,20.44.22
21,card,23.02,Cortado,Night,Tue,Aug,2,8,13-08-2024,21.00.44
7,card,32.82,Latte,Morning,Wed,Aug,3,8,14-08-2024,7.35.48
7,card,32.82,Cappuccino,Morning,Wed,Aug,3,8,14-08-2024,7.36.55
10,card,23.02,Cortado,Morning,Wed,Aug,3,8,14-08-2024,10.09.29
11,card,18.12,Espresso,Morning,Wed,Aug,3,8,14-08-2024,11.39.07
12,card,23.02,Americano,Afternoon,Wed,Aug,3,8,14-08-2024,12.49.16
12,card,23.02,Americano,Afternoon,Wed,Aug,3,8,14-08-2024,12.51.04
15,card,32.82,Latte,Afternoon,Wed,Aug,3,8,14-08-2024,15.21.27
17,card,23.02,Americano,Night,Wed,Aug,3,8,14-08-2024,17.24.22
18,card,23.02,Cortado,Night,Wed,Aug,3,8,14-08-2024,18.10.03
18,card,27.92,Americano with Milk,Night,Wed,Aug,3,8,14-08-2024,18.59.18
19,card,32.82,Latte,Night,Wed,Aug,3,8,14-08-2024,19.34.51
19,card,23.02,Cortado,Night,Wed,Aug,3,8,14-08-2024,19.35.48
21,card,32.82,Latte,Night,Wed,Aug,3,8,14-08-2024,21.41.33
9,card,23.02,Cortado,Morning,Thu,Aug,4,8,15-08-2024,9.36.11
9,card,32.82,Cappuccino,Morning,Thu,Aug,4,8,15-08-2024,9.37.02
9,card,32.82,Hot Chocolate,Morning,Thu,Aug,4,8,15-08-2024,9.38.04
9,card,32.82,Latte,Morning,Thu,Aug,4,8,15-08-2024,9.38.49
12,card,32.82,Latte,Afternoon,Thu,Aug,4,8,15-08-2024,12.38.37
13,card,32.82,Latte,Afternoon,Thu,Aug,4,8,15-08-2024,13.48.13
14,card,23.02,Americano,Afternoon,Thu,Aug,4,8,15-08-2024,14.17.48
14,card,18.12,Espresso,Afternoon,Thu,Aug,4,8,15-08-2024,14.18.50
17,card,27.92,Americano with Milk,Night,Thu,Aug,4,8,15-08-2024,17.53.52
19,card,32.82,Hot Chocolate,Night,Thu,Aug,4,8,15-08-2024,19.10.58
19,card,27.92,Americano with Milk,Night,Thu,Aug,4,8,15-08-2024,19.11.54
19,card,27.92,Americano with Milk,Night,Thu,Aug,4,8,15-08-2024,19.41.30
19,card,23.02,Americano,Night,Thu,Aug,4,8,15-08-2024,19.42.37
20,card,32.82,Cappuccino,Night,Thu,Aug,4,8,15-08-2024,20.40.41
21,card,18.12,Espresso,Night,Thu,Aug,4,8,15-08-2024,21.35.20
21,card,27.92,Americano with Milk,Night,Thu,Aug,4,8,15-08-2024,21.36.11
12,card,32.82,Latte,Afternoon,Fri,Aug,5,8,16-08-2024,12.29.16
12,card,23.02,Americano,Afternoon,Fri,Aug,5,8,16-08-2024,12.54.17
13,card,27.92,Americano with Milk,Afternoon,Fri,Aug,5,8,16-08-2024,13.36.12
15,card,18.12,Espresso,Afternoon,Fri,Aug,5,8,16-08-2024,15.18.51
15,card,18.12,Espresso,Afternoon,Fri,Aug,5,8,16-08-2024,15.19.39
9,card,27.92,Americano with Milk,Morning,Sat,Aug,6,8,17-08-2024,9.16.53
9,card,32.82,Cappuccino,Morning,Sat,Aug,6,8,17-08-2024,9.18.08
10,card,27.92,Americano with Milk,Morning,Sat,Aug,6,8,17-08-2024,10.53.41
11,card,23.02,Cortado,Morning,Sat,Aug,6,8,17-08-2024,11.58.41
11,card,23.02,Cortado,Morning,Sat,Aug,6,8,17-08-2024,11.59.28
13,card,27.92,Americano with Milk,Afternoon,Sat,Aug,6,8,17-08-2024,13.18.40
16,card,23.02,Cortado,Afternoon,Sat,Aug,6,8,17-08-2024,16.31.54
16,card,32.82,Latte,Afternoon,Sat,Aug,6,8,17-08-2024,16.33.48
18,card,32.82,Cappuccino,Night,Sat,Aug,6,8,17-08-2024,18.48.58
21,card,27.92,Americano with Milk,Night,Sat,Aug,6,8,17-08-2024,21.18.56
22,card,32.82,Latte,Night,Sat,Aug,6,8,17-08-2024,22.42.39
8,card,32.82,Cappuccino,Morning,Sun,Aug,7,8,18-08-2024,8.09.42
8,card,32.82,Cappuccino,Morning,Sun,Aug,7,8,18-08-2024,8.32.05
8,card,23.02,Cortado,Morning,Sun,Aug,7,8,18-08-2024,8.41.06
8,card,27.92,Americano with Milk,Morning,Sun,Aug,7,8,18-08-2024,8.56.01
12,card,32.82,Cappuccino,Afternoon,Sun,Aug,7,8,18-08-2024,12.31.40
14,card,27.92,Americano with Milk,Afternoon,Sun,Aug,7,8,18-08-2024,14.30.21
18,card,27.92,Americano with Milk,Night,Sun,Aug,7,8,18-08-2024,18.24.10
18,card,27.92,Americano with Milk,Night,Sun,Aug,7,8,18-08-2024,18.26.03
18,card,23.02,Americano,Night,Sun,Aug,7,8,18-08-2024,18.27.17
18,card,23.02,Americano,Night,Sun,Aug,7,8,18-08-2024,18.28.13
15,card,27.92,Americano with Milk,Afternoon,Mon,Aug,1,8,19-08-2024,15.09.48
15,card,27.92,Americano with Milk,Afternoon,Mon,Aug,1,8,19-08-2024,15.10.51
21,card,32.82,Latte,Night,Mon,Aug,1,8,19-08-2024,21.21.12
21,card,32.82,Cocoa,Night,Mon,Aug,1,8,19-08-2024,21.31.57
8,card,23.02,Cortado,Morning,Tue,Aug,2,8,20-08-2024,8.27.16
8,card,32.82,Latte,Morning,Tue,Aug,2,8,20-08-2024,8.29.14
8,card,18.12,Espresso,Morning,Tue,Aug,2,8,20-08-2024,8.49.47
8,card,23.02,Cortado,Morning,Tue,Aug,2,8,20-08-2024,8.50.36
9,card,27.92,Americano with Milk,Morning,Tue,Aug,2,8,20-08-2024,9.14.54
11,card,23.02,Americano,Morning,Tue,Aug,2,8,20-08-2024,11.09.55
11,card,23.02,Americano,Morning,Tue,Aug,2,8,20-08-2024,11.11.39
11,card,23.02,Americano,Morning,Tue,Aug,2,8,20-08-2024,11.12.31
11,card,32.82,Latte,Morning,Tue,Aug,2,8,20-08-2024,0.00.00
20,card,32.82,Latte,Night,Tue,Aug,2,8,20-08-2024,20.42.40
20,card,32.82,Latte,Night,Tue,Aug,2,8,20-08-2024,20.44.14
20,card,32.82,Latte,Night,Tue,Aug,2,8,20-08-2024,20.45.12
20,card,32.82,Latte,Night,Tue,Aug,2,8,20-08-2024,20.46.03
7,card,27.92,Americano with Milk,Morning,Wed,Aug,3,8,21-08-2024,7.59.13
8,card,23.02,Cortado,Morning,Wed,Aug,3,8,21-08-2024,8.40.27
10,card,23.02,Americano,Morning,Wed,Aug,3,8,21-08-2024,10.13.32
10,card,27.92,Americano with Milk,Morning,Wed,Aug,3,8,21-08-2024,10.38.44
11,card,23.02,Cortado,Morning,Wed,Aug,3,8,21-08-2024,11.51.41
13,card,32.82,Latte,Afternoon,Wed,Aug,3,8,21-08-2024,13.17.10
19,card,32.82,Latte,Night,Wed,Aug,3,8,21-08-2024,19.42.03
9,card,23.02,Cortado,Morning,Thu,Aug,4,8,22-08-2024,9.22.26
10,card,27.92,Americano with Milk,Morning,Thu,Aug,4,8,22-08-2024,10.09.23
10,card,27.92,Americano with Milk,Morning,Thu,Aug,4,8,22-08-2024,10.47.59
14,card,32.82,Latte,Afternoon,Thu,Aug,4,8,22-08-2024,14.16.12
14,card,32.82,Latte,Afternoon,Thu,Aug,4,8,22-08-2024,14.26.58
15,card,32.82,Cappuccino,Afternoon,Thu,Aug,4,8,22-08-2024,15.07.07
15,card,23.02,Americano,Afternoon,Thu,Aug,4,8,22-08-2024,15.27.27
7,card,32.82,Latte,Morning,Fri,Aug,5,8,23-08-2024,7.43.16
8,card,23.02,Cortado,Morning,Fri,Aug,5,8,23-08-2024,8.21.48
8,card,32.82,Latte,Morning,Fri,Aug,5,8,23-08-2024,8.22.56
8,card,23.02,Americano,Morning,Fri,Aug,5,8,23-08-2024,8.33.38
8,card,23.02,Americano,Morning,Fri,Aug,5,8,23-08-2024,8.34.35
9,card,27.92,Americano with Milk,Morning,Fri,Aug,5,8,23-08-2024,9.14.52
10,card,32.82,Cocoa,Morning,Fri,Aug,5,8,23-08-2024,10.10.58
10,card,23.02,Americano,Morning,Fri,Aug,5,8,23-08-2024,10.11.55
10,card,23.02,Cortado,Morning,Fri,Aug,5,8,23-08-2024,10.39.12
11,card,32.82,Hot Chocolate,Morning,Fri,Aug,5,8,23-08-2024,11.12.59
13,card,23.02,Americano,Afternoon,Fri,Aug,5,8,23-08-2024,13.24.54
15,card,23.02,Americano,Afternoon,Fri,Aug,5,8,23-08-2024,15.28.52
19,card,32.82,Latte,Night,Fri,Aug,5,8,23-08-2024,19.48.02
8,card,23.02,Cortado,Morning,Sat,Aug,6,8,24-08-2024,8.13.42
8,card,23.02,Cortado,Morning,Sat,Aug,6,8,24-08-2024,8.14.47
8,card,23.02,Cortado,Morning,Sat,Aug,6,8,24-08-2024,8.44.11
10,card,18.12,Espresso,Morning,Sat,Aug,6,8,24-08-2024,10.18.09
10,card,18.12,Espresso,Morning,Sat,Aug,6,8,24-08-2024,10.18.52
10,card,23.02,Americano,Morning,Sat,Aug,6,8,24-08-2024,10.19.49
8,card,23.02,Cortado,Morning,Sun,Aug,7,8,25-08-2024,8.14.37
8,card,23.02,Americano,Morning,Sun,Aug,7,8,25-08-2024,8.26.27
8,card,23.02,Americano,Morning,Sun,Aug,7,8,25-08-2024,8.27.36
9,card,32.82,Cappuccino,Morning,Sun,Aug,7,8,25-08-2024,9.24.22
12,card,32.82,Cappuccino,Afternoon,Sun,Aug,7,8,25-08-2024,12.41.42
14,card,32.82,Latte,Afternoon,Sun,Aug,7,8,25-08-2024,14.53.02
8,card,23.02,Cortado,Morning,Mon,Aug,1,8,26-08-2024,8.11.47
8,card,23.02,Americano,Morning,Mon,Aug,1,8,26-08-2024,8.16.09
8,card,23.02,Americano,Morning,Mon,Aug,1,8,26-08-2024,8.17.23
9,card,27.92,Americano with Milk,Morning,Mon,Aug,1,8,26-08-2024,9.21.36
10,card,32.82,Latte,Morning,Mon,Aug,1,8,26-08-2024,10.37.44
10,card,32.82,Cappuccino,Morning,Mon,Aug,1,8,26-08-2024,10.38.49
12,card,23.02,Americano,Afternoon,Mon,Aug,1,8,26-08-2024,12.45.13
12,card,23.02,Americano,Afternoon,Mon,Aug,1,8,26-08-2024,12.46.23
18,card,27.92,Americano with Milk,Night,Mon,Aug,1,8,26-08-2024,18.53.27
18,card,32.82,Latte,Night,Mon,Aug,1,8,26-08-2024,18.54.31
22,card,27.92,Americano with Milk,Night,Mon,Aug,1,8,26-08-2024,22.55.39
10,card,32.82,Latte,Morning,Tue,Aug,2,8,27-08-2024,10.04.04
12,card,27.92,Americano with Milk,Afternoon,Wed,Aug,3,8,28-08-2024,12.08.18
12,card,32.82,Cappuccino,Afternoon,Wed,Aug,3,8,28-08-2024,12.10.04
12,card,23.02,Americano,Afternoon,Wed,Aug,3,8,28-08-2024,12.35.06
13,card,27.92,Americano with Milk,Afternoon,Wed,Aug,3,8,28-08-2024,13.48.35
7,card,23.02,Americano,Morning,Thu,Aug,4,8,29-08-2024,7.29.30
17,card,32.82,Latte,Night,Fri,Aug,5,8,30-08-2024,17.13.30
17,card,27.92,Americano with Milk,Night,Fri,Aug,5,8,30-08-2024,17.14.32
17,card,27.92,Americano with Milk,Night,Fri,Aug,5,8,30-08-2024,17.15.35
9,card,23.02,Cortado,Morning,Sat,Aug,6,8,31-08-2024,9.08.32
10,card,27.92,Americano with Milk,Morning,Sat,Aug,6,8,31-08-2024,10.02.08
10,card,18.12,Espresso,Morning,Sat,Aug,6,8,31-08-2024,10.22.26
11,card,27.92,Americano with Milk,Morning,Sat,Aug,6,8,31-08-2024,11.29.54
11,card,23.02,Cortado,Morning,Sat,Aug,6,8,31-08-2024,11.33.39
11,card,23.02,Cortado,Morning,Sat,Aug,6,8,31-08-2024,11.34.32
9,card,23.02,Cortado,Morning,Sun,Sep,7,9,01-09-2024,9.34.15
12,card,32.82,Cappuccino,Afternoon,Sun,Sep,7,9,01-09-2024,12.11.24
12,card,27.92,Americano with Milk,Afternoon,Sun,Sep,7,9,01-09-2024,12.30.08
12,card,23.02,Americano,Afternoon,Sun,Sep,7,9,01-09-2024,12.32.22
12,card,27.92,Americano with Milk,Afternoon,Sun,Sep,7,9,01-09-2024,12.50.17
13,card,32.82,Latte,Afternoon,Sun,Sep,7,9,01-09-2024,13.57.33
14,card,27.92,Americano with Milk,Afternoon,Sun,Sep,7,9,01-09-2024,14.44.04
17,card,32.82,Latte,Night,Sun,Sep,7,9,01-09-2024,17.20.46
17,card,32.82,Latte,Night,Sun,Sep,7,9,01-09-2024,17.23.13
17,card,32.82,Latte,Night,Sun,Sep,7,9,01-09-2024,17.24.49
8,card,32.82,Latte,Morning,Mon,Sep,1,9,02-09-2024,8.24.39
8,card,27.92,Americano with Milk,Morning,Mon,Sep,1,9,02-09-2024,8.50.17
8,card,32.82,Latte,Morning,Mon,Sep,1,9,02-09-2024,8.51.33
14,card,27.92,Americano with Milk,Afternoon,Mon,Sep,1,9,02-09-2024,14.58.47
20,card,32.82,Cappuccino,Night,Mon,Sep,1,9,02-09-2024,20.09.43
20,card,32.82,Cocoa,Night,Mon,Sep,1,9,02-09-2024,20.11.17
20,card,23.02,Americano,Night,Mon,Sep,1,9,02-09-2024,20.52.31
20,card,23.02,Americano,Night,Mon,Sep,1,9,02-09-2024,20.53.29
8,card,32.82,Cocoa,Morning,Tue,Sep,2,9,03-09-2024,8.22.15
8,card,32.82,Cappuccino,Morning,Tue,Sep,2,9,03-09-2024,8.28.12
8,card,32.82,Latte,Morning,Tue,Sep,2,9,03-09-2024,8.41.11
9,card,27.92,Americano with Milk,Morning,Tue,Sep,2,9,03-09-2024,9.03.12
9,card,32.82,Cappuccino,Morning,Tue,Sep,2,9,03-09-2024,9.04.11
9,card,32.82,Cocoa,Morning,Tue,Sep,2,9,03-09-2024,9.12.48
9,card,32.82,Cocoa,Morning,Tue,Sep,2,9,03-09-2024,9.13.33
9,card,27.92,Americano with Milk,Morning,Tue,Sep,2,9,03-09-2024,9.17.02
9,card,27.92,Americano with Milk,Morning,Tue,Sep,2,9,03-09-2024,9.20.17
9,card,32.82,Latte,Morning,Tue,Sep,2,9,03-09-2024,9.37.52
9,card,32.82,Cocoa,Morning,Tue,Sep,2,9,03-09-2024,9.38.56
12,card,23.02,Cortado,Afternoon,Tue,Sep,2,9,03-09-2024,12.56.53
14,card,27.92,Americano with Milk,Afternoon,Tue,Sep,2,9,03-09-2024,14.14.51
14,card,27.92,Americano with Milk,Afternoon,Tue,Sep,2,9,03-09-2024,14.16.17
18,card,27.92,Americano with Milk,Night,Tue,Sep,2,9,03-09-2024,18.48.34
19,card,32.82,Latte,Night,Tue,Sep,2,9,03-09-2024,19.11.12
19,card,27.92,Americano with Milk,Night,Tue,Sep,2,9,03-09-2024,19.17.13
11,card,27.92,Americano with Milk,Morning,Wed,Sep,3,9,04-09-2024,11.11.21
11,card,32.82,Latte,Morning,Wed,Sep,3,9,04-09-2024,11.33.36
11,card,23.02,Americano,Morning,Wed,Sep,3,9,04-09-2024,11.48.03
11,card,27.92,Americano with Milk,Morning,Wed,Sep,3,9,04-09-2024,11.55.34
12,card,32.82,Latte,Afternoon,Wed,Sep,3,9,04-09-2024,12.53.31
13,card,32.82,Latte,Afternoon,Wed,Sep,3,9,04-09-2024,13.03.50
13,card,27.92,Americano with Milk,Afternoon,Wed,Sep,3,9,04-09-2024,13.05.16
18,card,32.82,Cappuccino,Night,Wed,Sep,3,9,04-09-2024,18.03.46
19,card,27.92,Americano with Milk,Night,Wed,Sep,3,9,04-09-2024,19.41.41
21,card,32.82,Latte,Night,Wed,Sep,3,9,04-09-2024,21.19.35
9,card,27.92,Americano with Milk,Morning,Thu,Sep,4,9,05-09-2024,9.31.17
10,card,27.92,Americano with Milk,Morning,Thu,Sep,4,9,05-09-2024,10.28.56
11,card,23.02,Americano,Morning,Thu,Sep,4,9,05-09-2024,11.06.30
14,card,32.82,Latte,Afternoon,Thu,Sep,4,9,05-09-2024,14.00.27
15,card,32.82,Latte,Afternoon,Thu,Sep,4,9,05-09-2024,15.25.12
16,card,23.02,Americano,Afternoon,Thu,Sep,4,9,05-09-2024,16.38.50
16,card,27.92,Americano with Milk,Afternoon,Thu,Sep,4,9,05-09-2024,16.39.59
17,card,32.82,Cappuccino,Night,Thu,Sep,4,9,05-09-2024,17.04.28
17,card,32.82,Cappuccino,Night,Thu,Sep,4,9,05-09-2024,17.05.31
20,card,32.82,Cappuccino,Night,Thu,Sep,4,9,05-09-2024,20.30.14
20,card,23.02,Americano,Night,Thu,Sep,4,9,05-09-2024,20.54.24
20,card,32.82,Cappuccino,Night,Thu,Sep,4,9,05-09-2024,20.55.31
21,card,27.92,Americano with Milk,Night,Thu,Sep,4,9,05-09-2024,21.26.28
21,card,27.92,Americano with Milk,Night,Thu,Sep,4,9,05-09-2024,21.27.29
8,card,32.82,Cappuccino,Morning,Fri,Sep,5,9,06-09-2024,8.25.33
8,card,32.82,Latte,Morning,Fri,Sep,5,9,06-09-2024,8.34.46
8,card,23.02,Americano,Morning,Fri,Sep,5,9,06-09-2024,8.54.41
9,card,18.12,Espresso,Morning,Fri,Sep,5,9,06-09-2024,9.50.39
9,card,32.82,Latte,Morning,Fri,Sep,5,9,06-09-2024,9.51.52
10,card,32.82,Hot Chocolate,Morning,Fri,Sep,5,9,06-09-2024,10.30.06
11,card,18.12,Espresso,Morning,Fri,Sep,5,9,06-09-2024,11.23.25
11,card,18.12,Espresso,Morning,Fri,Sep,5,9,06-09-2024,11.24.29
20,card,32.82,Latte,Night,Fri,Sep,5,9,06-09-2024,20.00.12
21,card,32.82,Latte,Night,Fri,Sep,5,9,06-09-2024,21.09.31
8,card,32.82,Latte,Morning,Sat,Sep,6,9,07-09-2024,8.48.57
9,card,23.02,Cortado,Morning,Sat,Sep,6,9,07-09-2024,9.52.02
9,card,23.02,Cortado,Morning,Sat,Sep,6,9,07-09-2024,9.53.03
9,card,23.02,Cortado,Morning,Sat,Sep,6,9,07-09-2024,9.54.41
9,card,27.92,Americano with Milk,Morning,Sat,Sep,6,9,07-09-2024,9.57.47
9,card,27.92,Americano with Milk,Morning,Sat,Sep,6,9,07-09-2024,9.59.02
10,card,23.02,Cortado,Morning,Sat,Sep,6,9,07-09-2024,10.00.19
10,card,23.02,Americano,Morning,Sat,Sep,6,9,07-09-2024,10.22.44
10,card,18.12,Espresso,Morning,Sat,Sep,6,9,07-09-2024,10.37.52
10,card,18.12,Espresso,Morning,Sat,Sep,6,9,07-09-2024,10.40.12
10,card,32.82,Latte,Morning,Sat,Sep,6,9,07-09-2024,10.53.32
11,card,27.92,Americano with Milk,Morning,Sat,Sep,6,9,07-09-2024,11.18.56
11,card,23.02,Americano,Morning,Sat,Sep,6,9,07-09-2024,11.20.00
11,card,18.12,Espresso,Morning,Sat,Sep,6,9,07-09-2024,11.20.57
15,card,32.82,Latte,Afternoon,Sat,Sep,6,9,07-09-2024,15.55.08
16,card,23.02,Americano,Afternoon,Sat,Sep,6,9,07-09-2024,16.20.01
16,card,18.12,Espresso,Afternoon,Sat,Sep,6,9,07-09-2024,16.20.59
19,card,32.82,Cocoa,Night,Sat,Sep,6,9,07-09-2024,19.35.04
19,card,32.82,Latte,Night,Sat,Sep,6,9,07-09-2024,19.36.05
19,card,32.82,Latte,Night,Sat,Sep,6,9,07-09-2024,19.37.15
20,card,32.82,Latte,Night,Sat,Sep,6,9,07-09-2024,20.13.51
20,card,32.82,Latte,Night,Sat,Sep,6,9,07-09-2024,20.14.59
8,card,23.02,Cortado,Morning,Sun,Sep,7,9,08-09-2024,8.15.40
9,card,23.02,Cortado,Morning,Sun,Sep,7,9,08-09-2024,9.18.17
9,card,23.02,Cortado,Morning,Sun,Sep,7,9,08-09-2024,9.19.12
10,card,23.02,Cortado,Morning,Sun,Sep,7,9,08-09-2024,10.05.56
12,card,23.02,Cortado,Afternoon,Sun,Sep,7,9,08-09-2024,12.43.28
20,card,23.02,Americano,Night,Sun,Sep,7,9,08-09-2024,20.13.32
7,card,32.82,Latte,Morning,Mon,Sep,1,9,09-09-2024,7.51.13
7,card,32.82,Cappuccino,Morning,Mon,Sep,1,9,09-09-2024,7.53.51
7,card,27.92,Americano with Milk,Morning,Mon,Sep,1,9,09-09-2024,7.55.21
7,card,32.82,Latte,Morning,Mon,Sep,1,9,09-09-2024,7.56.37
9,card,32.82,Latte,Morning,Mon,Sep,1,9,09-09-2024,9.49.50
9,card,32.82,Hot Chocolate,Morning,Mon,Sep,1,9,09-09-2024,9.50.51
9,card,32.82,Latte,Morning,Mon,Sep,1,9,09-09-2024,9.59.10
11,card,27.92,Americano with Milk,Morning,Mon,Sep,1,9,09-09-2024,11.11.36
11,card,27.92,Americano with Milk,Morning,Mon,Sep,1,9,09-09-2024,11.12.50
11,card,32.82,Latte,Morning,Mon,Sep,1,9,09-09-2024,11.29.49
12,card,18.12,Espresso,Afternoon,Mon,Sep,1,9,09-09-2024,12.06.59
15,card,32.82,Latte,Afternoon,Mon,Sep,1,9,09-09-2024,15.12.13
15,card,23.02,Americano,Afternoon,Mon,Sep,1,9,09-09-2024,15.13.24
17,card,32.82,Latte,Night,Mon,Sep,1,9,09-09-2024,17.24.10
18,card,32.82,Latte,Night,Mon,Sep,1,9,09-09-2024,18.13.46
20,card,32.82,Cappuccino,Night,Mon,Sep,1,9,09-09-2024,20.07.36
20,card,32.82,Latte,Night,Mon,Sep,1,9,09-09-2024,20.13.43
8,card,32.82,Hot Chocolate,Morning,Tue,Sep,2,9,10-09-2024,8.12.02
9,card,32.82,Cappuccino,Morning,Tue,Sep,2,9,10-09-2024,9.32.46
15,card,23.02,Cortado,Afternoon,Tue,Sep,2,9,10-09-2024,15.21.54
15,card,23.02,Cortado,Afternoon,Tue,Sep,2,9,10-09-2024,15.23.05
18,card,32.82,Cappuccino,Night,Tue,Sep,2,9,10-09-2024,18.43.41
18,card,27.92,Americano with Milk,Night,Tue,Sep,2,9,10-09-2024,18.45.22
19,card,32.82,Latte,Night,Tue,Sep,2,9,10-09-2024,19.02.43
19,card,32.82,Latte,Night,Tue,Sep,2,9,10-09-2024,19.03.53
21,card,27.92,Americano with Milk,Night,Tue,Sep,2,9,10-09-2024,21.29.34
21,card,23.02,Americano,Night,Tue,Sep,2,9,10-09-2024,21.30.27
8,card,32.82,Latte,Morning,Wed,Sep,3,9,11-09-2024,8.47.22
9,card,27.92,Americano with Milk,Morning,Wed,Sep,3,9,11-09-2024,9.28.46
10,card,32.82,Latte,Morning,Wed,Sep,3,9,11-09-2024,10.52.09
19,card,32.82,Cappuccino,Night,Wed,Sep,3,9,11-09-2024,19.53.12
20,card,27.92,Americano with Milk,Night,Wed,Sep,3,9,11-09-2024,20.13.14
20,card,32.82,Latte,Night,Wed,Sep,3,9,11-09-2024,20.14.18
20,card,32.82,Latte,Night,Wed,Sep,3,9,11-09-2024,20.15.19
21,card,23.02,Cortado,Night,Wed,Sep,3,9,11-09-2024,21.01.34
10,card,18.12,Espresso,Morning,Thu,Sep,4,9,12-09-2024,10.57.25
10,card,27.92,Americano with Milk,Morning,Thu,Sep,4,9,12-09-2024,10.58.19
11,card,27.92,Americano with Milk,Morning,Thu,Sep,4,9,12-09-2024,11.27.36
12,card,32.82,Cappuccino,Afternoon,Thu,Sep,4,9,12-09-2024,12.08.22
12,card,23.02,Cortado,Afternoon,Thu,Sep,4,9,12-09-2024,12.31.06
12,card,23.02,Cortado,Afternoon,Thu,Sep,4,9,12-09-2024,12.32.22
12,card,23.02,Cortado,Afternoon,Thu,Sep,4,9,12-09-2024,12.37.20
12,card,23.02,Cortado,Afternoon,Thu,Sep,4,9,12-09-2024,12.38.09
17,card,32.82,Latte,Night,Thu,Sep,4,9,12-09-2024,17.01.25
21,card,23.02,Americano,Night,Thu,Sep,4,9,12-09-2024,21.09.10
21,card,32.82,Cappuccino,Night,Thu,Sep,4,9,12-09-2024,21.10.21
21,card,23.02,Cortado,Night,Thu,Sep,4,9,12-09-2024,21.13.16
7,card,32.82,Latte,Morning,Fri,Sep,5,9,13-09-2024,7.56.53
8,card,32.82,Latte,Morning,Fri,Sep,5,9,13-09-2024,8.41.02
8,card,32.82,Latte,Morning,Fri,Sep,5,9,13-09-2024,8.54.15
9,card,32.82,Latte,Morning,Fri,Sep,5,9,13-09-2024,9.51.19
15,card,27.92,Americano with Milk,Afternoon,Fri,Sep,5,9,13-09-2024,15.38.18
15,card,27.92,Americano with Milk,Afternoon,Fri,Sep,5,9,13-09-2024,15.50.53
16,card,32.82,Cappuccino,Afternoon,Sat,Sep,6,9,14-09-2024,16.29.19
16,card,32.82,Cappuccino,Afternoon,Sat,Sep,6,9,14-09-2024,16.30.16
8,card,18.12,Espresso,Morning,Sun,Sep,7,9,15-09-2024,8.42.40
9,card,27.92,Americano with Milk,Morning,Sun,Sep,7,9,15-09-2024,9.49.38
13,card,23.02,Americano,Afternoon,Sun,Sep,7,9,15-09-2024,13.49.37
14,card,23.02,Cortado,Afternoon,Sun,Sep,7,9,15-09-2024,14.36.19
14,card,23.02,Cortado,Afternoon,Sun,Sep,7,9,15-09-2024,14.37.20
14,card,32.82,Cappuccino,Afternoon,Sun,Sep,7,9,15-09-2024,14.53.18
13,card,32.82,Latte,Afternoon,Mon,Sep,1,9,16-09-2024,13.32.22
13,card,27.92,Americano with Milk,Afternoon,Mon,Sep,1,9,16-09-2024,13.33.36
15,card,32.82,Latte,Afternoon,Mon,Sep,1,9,16-09-2024,15.23.19
17,card,27.92,Americano with Milk,Night,Mon,Sep,1,9,16-09-2024,17.16.05
17,card,32.82,Latte,Night,Mon,Sep,1,9,16-09-2024,17.18.03
18,card,32.82,Latte,Night,Mon,Sep,1,9,16-09-2024,18.54.45
18,card,32.82,Latte,Night,Mon,Sep,1,9,16-09-2024,18.56.05
21,card,27.92,Americano with Milk,Night,Mon,Sep,1,9,16-09-2024,21.10.18
21,card,32.82,Latte,Night,Mon,Sep,1,9,16-09-2024,21.11.32
21,card,27.92,Americano with Milk,Night,Mon,Sep,1,9,16-09-2024,21.37.47
21,card,27.92,Americano with Milk,Night,Mon,Sep,1,9,16-09-2024,21.38.48
7,card,23.02,Cortado,Morning,Tue,Sep,2,9,17-09-2024,7.54.57
8,card,32.82,Latte,Morning,Tue,Sep,2,9,17-09-2024,8.09.00
8,card,27.92,Americano with Milk,Morning,Tue,Sep,2,9,17-09-2024,8.37.37
8,card,23.02,Cortado,Morning,Tue,Sep,2,9,17-09-2024,8.42.31
9,card,32.82,Cappuccino,Morning,Tue,Sep,2,9,17-09-2024,9.10.03
9,card,27.92,Americano with Milk,Morning,Tue,Sep,2,9,17-09-2024,9.11.08
9,card,27.92,Americano with Milk,Morning,Tue,Sep,2,9,17-09-2024,9.34.56
12,card,18.12,Espresso,Afternoon,Tue,Sep,2,9,17-09-2024,12.38.33
12,card,27.92,Americano with Milk,Afternoon,Tue,Sep,2,9,17-09-2024,12.39.33
12,card,32.82,Latte,Afternoon,Tue,Sep,2,9,17-09-2024,12.44.15
13,card,27.92,Americano with Milk,Afternoon,Tue,Sep,2,9,17-09-2024,13.54.23
13,card,23.02,Cortado,Afternoon,Tue,Sep,2,9,17-09-2024,13.55.31
16,card,32.82,Cappuccino,Afternoon,Tue,Sep,2,9,17-09-2024,16.29.37
16,card,32.82,Latte,Afternoon,Tue,Sep,2,9,17-09-2024,16.31.00
18,card,32.82,Hot Chocolate,Night,Tue,Sep,2,9,17-09-2024,18.54.23
19,card,27.92,Americano with Milk,Night,Tue,Sep,2,9,17-09-2024,19.00.45
19,card,27.92,Americano with Milk,Night,Tue,Sep,2,9,17-09-2024,19.03.53
19,card,32.82,Latte,Night,Tue,Sep,2,9,17-09-2024,19.12.47
19,card,27.92,Americano with Milk,Night,Tue,Sep,2,9,17-09-2024,19.13.59
19,card,27.92,Americano with Milk,Night,Tue,Sep,2,9,17-09-2024,19.14.59
19,card,27.92,Americano with Milk,Night,Tue,Sep,2,9,17-09-2024,19.31.57
22,card,32.82,Hot Chocolate,Night,Tue,Sep,2,9,17-09-2024,22.19.35
22,card,32.82,Hot Chocolate,Night,Tue,Sep,2,9,17-09-2024,22.20.19
14,card,32.82,Latte,Afternoon,Wed,Sep,3,9,18-09-2024,14.29.48
17,card,32.82,Latte,Night,Wed,Sep,3,9,18-09-2024,17.34.19
21,card,27.92,Americano with Milk,Night,Wed,Sep,3,9,18-09-2024,21.15.38
21,card,27.92,Americano with Milk,Night,Wed,Sep,3,9,18-09-2024,21.18.21
8,card,27.92,Americano with Milk,Morning,Thu,Sep,4,9,19-09-2024,8.17.18
8,card,23.02,Cortado,Morning,Thu,Sep,4,9,19-09-2024,8.30.29
10,card,32.82,Latte,Morning,Thu,Sep,4,9,19-09-2024,10.01.30
12,card,23.02,Americano,Afternoon,Thu,Sep,4,9,19-09-2024,12.59.33
13,card,27.92,Americano with Milk,Afternoon,Thu,Sep,4,9,19-09-2024,13.00.33
13,card,23.02,Cortado,Afternoon,Thu,Sep,4,9,19-09-2024,13.45.42
8,card,27.92,Americano with Milk,Morning,Fri,Sep,5,9,20-09-2024,8.34.56
9,card,27.92,Americano with Milk,Morning,Fri,Sep,5,9,20-09-2024,9.46.15
13,card,27.92,Americano with Milk,Afternoon,Fri,Sep,5,9,20-09-2024,13.39.55
16,card,32.82,Latte,Afternoon,Fri,Sep,5,9,20-09-2024,16.03.29
20,card,23.02,Americano,Night,Fri,Sep,5,9,20-09-2024,20.39.23
21,card,27.92,Americano with Milk,Night,Fri,Sep,5,9,20-09-2024,21.31.36
21,card,27.92,Americano with Milk,Night,Fri,Sep,5,9,20-09-2024,21.32.43
11,card,32.82,Latte,Morning,Sat,Sep,6,9,21-09-2024,11.01.14
11,card,32.82,Cocoa,Morning,Sat,Sep,6,9,21-09-2024,11.02.13
11,card,23.02,Cortado,Morning,Sat,Sep,6,9,21-09-2024,11.37.47
11,card,23.02,Cortado,Morning,Sat,Sep,6,9,21-09-2024,11.38.44
15,card,32.82,Cappuccino,Afternoon,Sat,Sep,6,9,21-09-2024,15.10.09
15,card,32.82,Latte,Afternoon,Sat,Sep,6,9,21-09-2024,15.36.13
18,card,32.82,Latte,Night,Sat,Sep,6,9,21-09-2024,18.16.28
18,card,32.82,Latte,Night,Sat,Sep,6,9,21-09-2024,18.17.30
20,card,23.02,Americano,Night,Sat,Sep,6,9,21-09-2024,20.29.42
20,card,23.02,Americano,Night,Sat,Sep,6,9,21-09-2024,20.30.38
20,card,32.82,Latte,Night,Sat,Sep,6,9,21-09-2024,20.33.58
20,card,32.82,Latte,Night,Sat,Sep,6,9,21-09-2024,20.35.30
22,card,27.92,Americano with Milk,Night,Sat,Sep,6,9,21-09-2024,22.18.46
22,card,23.02,Americano,Night,Sat,Sep,6,9,21-09-2024,22.19.50
22,card,23.02,Americano,Night,Sat,Sep,6,9,21-09-2024,22.20.48
8,card,23.02,Americano,Morning,Sun,Sep,7,9,22-09-2024,8.32.54
10,card,27.92,Americano with Milk,Morning,Sun,Sep,7,9,22-09-2024,10.12.09
10,card,32.82,Latte,Morning,Sun,Sep,7,9,22-09-2024,10.13.08
11,card,23.02,Cortado,Morning,Sun,Sep,7,9,22-09-2024,11.06.26
11,card,23.02,Cortado,Morning,Sun,Sep,7,9,22-09-2024,11.07.36
11,card,27.92,Americano with Milk,Morning,Sun,Sep,7,9,22-09-2024,11.51.59
11,card,23.02,Americano,Morning,Sun,Sep,7,9,22-09-2024,11.55.12
12,card,27.92,Americano with Milk,Afternoon,Sun,Sep,7,9,22-09-2024,12.07.20
13,card,27.92,Americano with Milk,Afternoon,Sun,Sep,7,9,22-09-2024,13.28.14
13,card,27.92,Americano with Milk,Afternoon,Sun,Sep,7,9,22-09-2024,13.29.35
13,card,27.92,Americano with Milk,Afternoon,Sun,Sep,7,9,22-09-2024,13.33.34
15,card,32.82,Latte,Afternoon,Sun,Sep,7,9,22-09-2024,15.34.10
15,card,27.92,Americano with Milk,Afternoon,Sun,Sep,7,9,22-09-2024,15.35.24
16,card,32.82,Cocoa,Afternoon,Sun,Sep,7,9,22-09-2024,16.25.03
20,card,32.82,Latte,Night,Sun,Sep,7,9,22-09-2024,20.19.10
20,card,32.82,Cappuccino,Night,Sun,Sep,7,9,22-09-2024,20.20.35
20,card,27.92,Americano with Milk,Night,Sun,Sep,7,9,22-09-2024,20.46.26
20,card,27.92,Americano with Milk,Night,Sun,Sep,7,9,22-09-2024,20.47.35
21,card,27.92,Americano with Milk,Night,Sun,Sep,7,9,22-09-2024,21.07.04
21,card,27.92,Americano with Milk,Night,Sun,Sep,7,9,22-09-2024,21.08.14
21,card,32.82,Hot Chocolate,Night,Sun,Sep,7,9,22-09-2024,21.54.04
21,card,32.82,Hot Chocolate,Night,Sun,Sep,7,9,22-09-2024,21.54.54
22,card,23.02,Americano,Night,Sun,Sep,7,9,22-09-2024,22.37.02
22,card,27.92,Americano with Milk,Night,Sun,Sep,7,9,22-09-2024,22.37.58
9,card,27.92,Americano with Milk,Morning,Mon,Sep,1,9,23-09-2024,9.03.36
10,card,23.02,Cortado,Morning,Mon,Sep,1,9,23-09-2024,10.04.17
12,card,23.02,Americano,Afternoon,Mon,Sep,1,9,23-09-2024,12.11.04
14,card,27.92,Americano with Milk,Afternoon,Mon,Sep,1,9,23-09-2024,14.08.51
17,card,32.82,Cappuccino,Night,Mon,Sep,1,9,23-09-2024,17.27.47
18,card,23.02,Americano,Night,Mon,Sep,1,9,23-09-2024,18.48.30
19,card,32.82,Latte,Night,Mon,Sep,1,9,23-09-2024,19.47.21
20,card,32.82,Cappuccino,Night,Mon,Sep,1,9,23-09-2024,20.09.45
22,card,27.92,Americano with Milk,Night,Mon,Sep,1,9,23-09-2024,22.13.30
22,card,27.92,Americano with Milk,Night,Mon,Sep,1,9,23-09-2024,22.15.14
8,card,27.92,Americano with Milk,Morning,Tue,Sep,2,9,24-09-2024,8.33.32
12,card,32.82,Latte,Afternoon,Tue,Sep,2,9,24-09-2024,12.23.56
12,card,32.82,Latte,Afternoon,Tue,Sep,2,9,24-09-2024,12.24.54
12,card,32.82,Latte,Afternoon,Tue,Sep,2,9,24-09-2024,12.46.44
12,card,32.82,Latte,Afternoon,Tue,Sep,2,9,24-09-2024,12.47.49
14,card,32.82,Latte,Afternoon,Tue,Sep,2,9,24-09-2024,14.11.39
14,card,23.02,Cortado,Afternoon,Tue,Sep,2,9,24-09-2024,14.31.28
15,card,32.82,Cappuccino,Afternoon,Tue,Sep,2,9,24-09-2024,15.37.23
16,card,32.82,Latte,Afternoon,Tue,Sep,2,9,24-09-2024,16.38.48
18,card,23.02,Americano,Night,Tue,Sep,2,9,24-09-2024,18.43.02
18,card,23.02,Americano,Night,Tue,Sep,2,9,24-09-2024,18.43.54
20,card,32.82,Hot Chocolate,Night,Tue,Sep,2,9,24-09-2024,20.15.50
21,card,32.82,Latte,Night,Tue,Sep,2,9,24-09-2024,21.05.14
21,card,27.92,Americano with Milk,Night,Tue,Sep,2,9,24-09-2024,21.06.32
21,card,27.92,Americano with Milk,Night,Tue,Sep,2,9,24-09-2024,21.07.34
7,card,32.82,Cappuccino,Morning,Wed,Sep,3,9,25-09-2024,7.51.21
11,card,23.02,Cortado,Morning,Wed,Sep,3,9,25-09-2024,11.35.32
11,card,27.92,Americano with Milk,Morning,Wed,Sep,3,9,25-09-2024,11.51.15
11,card,32.82,Latte,Morning,Wed,Sep,3,9,25-09-2024,11.52.53
13,card,27.92,Americano with Milk,Afternoon,Wed,Sep,3,9,25-09-2024,13.54.51
13,card,27.92,Americano with Milk,Afternoon,Wed,Sep,3,9,25-09-2024,13.55.59
17,card,27.92,Americano with Milk,Night,Wed,Sep,3,9,25-09-2024,17.36.37
17,card,27.92,Americano with Milk,Night,Wed,Sep,3,9,25-09-2024,17.37.31
21,card,23.02,Americano,Night,Wed,Sep,3,9,25-09-2024,21.34.41
22,card,27.92,Americano with Milk,Night,Wed,Sep,3,9,25-09-2024,22.18.51
8,card,32.82,Latte,Morning,Thu,Sep,4,9,26-09-2024,8.43.35
10,card,27.92,Americano with Milk,Morning,Thu,Sep,4,9,26-09-2024,10.37.06
10,card,18.12,Espresso,Morning,Thu,Sep,4,9,26-09-2024,10.55.52
11,card,32.82,Cappuccino,Morning,Thu,Sep,4,9,26-09-2024,11.34.48
12,card,32.82,Latte,Afternoon,Thu,Sep,4,9,26-09-2024,12.48.01
18,card,32.82,Latte,Night,Thu,Sep,4,9,26-09-2024,18.21.55
22,card,32.82,Latte,Night,Thu,Sep,4,9,26-09-2024,22.45.15
22,card,23.02,Cortado,Night,Thu,Sep,4,9,26-09-2024,22.46.17
22,card,27.92,Americano with Milk,Night,Thu,Sep,4,9,26-09-2024,22.47.24
9,card,27.92,Americano with Milk,Morning,Fri,Sep,5,9,27-09-2024,9.29.45
9,card,23.02,Cortado,Morning,Fri,Sep,5,9,27-09-2024,9.33.43
9,card,32.82,Cappuccino,Morning,Fri,Sep,5,9,27-09-2024,9.41.04
10,card,27.92,Americano with Milk,Morning,Fri,Sep,5,9,27-09-2024,10.46.56
11,card,27.92,Americano with Milk,Morning,Fri,Sep,5,9,27-09-2024,11.35.00
13,card,32.82,Cappuccino,Afternoon,Fri,Sep,5,9,27-09-2024,13.20.31
13,card,32.82,Cappuccino,Afternoon,Fri,Sep,5,9,27-09-2024,13.25.05
13,card,23.02,Americano,Afternoon,Fri,Sep,5,9,27-09-2024,13.28.33
13,card,27.92,Americano with Milk,Afternoon,Fri,Sep,5,9,27-09-2024,13.33.52
18,card,32.82,Latte,Night,Fri,Sep,5,9,27-09-2024,18.07.43
18,card,32.82,Latte,Night,Fri,Sep,5,9,27-09-2024,18.08.58
18,card,32.82,Cappuccino,Night,Fri,Sep,5,9,27-09-2024,18.37.45
18,card,32.82,Cappuccino,Night,Fri,Sep,5,9,27-09-2024,18.40.53
20,card,32.82,Cappuccino,Night,Fri,Sep,5,9,27-09-2024,20.18.13
20,card,32.82,Cappuccino,Night,Fri,Sep,5,9,27-09-2024,20.19.14
20,card,27.92,Americano with Milk,Night,Fri,Sep,5,9,27-09-2024,20.58.14
8,card,27.92,Americano with Milk,Morning,Sat,Sep,6,9,28-09-2024,8.06.45
9,card,27.92,Americano with Milk,Morning,Sat,Sep,6,9,28-09-2024,9.31.14
14,card,35.76,Latte,Afternoon,Sat,Sep,6,9,28-09-2024,14.25.47
16,card,35.76,Latte,Afternoon,Sat,Sep,6,9,28-09-2024,16.57.20
17,card,30.86,Americano with Milk,Night,Sat,Sep,6,9,28-09-2024,17.26.16
20,card,35.76,Latte,Night,Sat,Sep,6,9,28-09-2024,20.34.31
20,card,35.76,Latte,Night,Sat,Sep,6,9,28-09-2024,20.38.36
22,card,35.76,Cappuccino,Night,Sat,Sep,6,9,28-09-2024,22.16.36
22,card,35.76,Cocoa,Night,Sat,Sep,6,9,28-09-2024,22.17.29
22,card,25.96,Cortado,Night,Sat,Sep,6,9,28-09-2024,22.18.16
22,card,35.76,Hot Chocolate,Night,Sat,Sep,6,9,28-09-2024,22.19.13
10,card,25.96,Americano,Morning,Sun,Sep,7,9,29-09-2024,10.48.45
10,card,35.76,Cappuccino,Morning,Sun,Sep,7,9,29-09-2024,10.50.05
10,card,35.76,Cappuccino,Morning,Sun,Sep,7,9,29-09-2024,10.51.03
10,card,35.76,Cappuccino,Morning,Sun,Sep,7,9,29-09-2024,10.52.23
10,card,30.86,Americano with Milk,Morning,Sun,Sep,7,9,29-09-2024,10.53.42
12,card,35.76,Latte,Afternoon,Sun,Sep,7,9,29-09-2024,12.35.43
12,card,25.96,Cortado,Afternoon,Sun,Sep,7,9,29-09-2024,12.50.58
12,card,35.76,Latte,Afternoon,Sun,Sep,7,9,29-09-2024,12.54.15
12,card,35.76,Latte,Afternoon,Sun,Sep,7,9,29-09-2024,12.55.21
18,card,35.76,Cappuccino,Night,Sun,Sep,7,9,29-09-2024,18.02.27
22,card,35.76,Latte,Night,Sun,Sep,7,9,29-09-2024,22.31.02
8,card,25.96,Cortado,Morning,Mon,Sep,1,9,30-09-2024,8.08.47
8,card,25.96,Cortado,Morning,Mon,Sep,1,9,30-09-2024,8.58.54
9,card,35.76,Hot Chocolate,Morning,Mon,Sep,1,9,30-09-2024,9.00.04
10,card,30.86,Americano with Milk,Morning,Mon,Sep,1,9,30-09-2024,10.01.09
10,card,25.96,Cortado,Morning,Mon,Sep,1,9,30-09-2024,10.05.18
11,card,30.86,Americano with Milk,Morning,Mon,Sep,1,9,30-09-2024,11.32.54
16,card,30.86,Americano with Milk,Afternoon,Mon,Sep,1,9,30-09-2024,16.45.44
19,card,35.76,Latte,Night,Mon,Sep,1,9,30-09-2024,19.32.18
19,card,30.86,Americano with Milk,Night,Mon,Sep,1,9,30-09-2024,19.53.14
19,card,25.96,Cortado,Night,Mon,Sep,1,9,30-09-2024,19.54.17
19,card,35.76,Latte,Night,Mon,Sep,1,9,30-09-2024,19.59.18
20,card,30.86,Americano with Milk,Night,Mon,Sep,1,9,30-09-2024,20.00.42
20,card,30.86,Americano with Milk,Night,Mon,Sep,1,9,30-09-2024,20.01.42
21,card,30.86,Americano with Milk,Night,Mon,Sep,1,9,30-09-2024,21.41.07
7,card,35.76,Latte,Morning,Tue,Oct,2,10,01-10-2024,7.47.08
9,card,30.86,Americano with Milk,Morning,Tue,Oct,2,10,01-10-2024,9.48.30
10,card,30.86,Americano with Milk,Morning,Tue,Oct,2,10,01-10-2024,10.02.26
10,card,30.86,Americano with Milk,Morning,Tue,Oct,2,10,01-10-2024,10.03.47
11,card,30.86,Americano with Milk,Morning,Tue,Oct,2,10,01-10-2024,11.55.31
12,card,30.86,Americano with Milk,Afternoon,Tue,Oct,2,10,01-10-2024,12.12.48
12,card,30.86,Americano with Milk,Afternoon,Tue,Oct,2,10,01-10-2024,12.14.23
14,card,25.96,Americano,Afternoon,Tue,Oct,2,10,01-10-2024,14.17.34
14,card,30.86,Americano with Milk,Afternoon,Tue,Oct,2,10,01-10-2024,14.18.52
16,card,35.76,Hot Chocolate,Afternoon,Tue,Oct,2,10,01-10-2024,16.08.38
16,card,25.96,Americano,Afternoon,Tue,Oct,2,10,01-10-2024,16.41.54
18,card,35.76,Latte,Night,Tue,Oct,2,10,01-10-2024,18.08.26
18,card,35.76,Latte,Night,Tue,Oct,2,10,01-10-2024,18.23.11
18,card,35.76,Hot Chocolate,Night,Tue,Oct,2,10,01-10-2024,18.24.14
20,card,35.76,Hot Chocolate,Night,Tue,Oct,2,10,01-10-2024,20.03.22
7,card,35.76,Latte,Morning,Wed,Oct,3,10,02-10-2024,7.57.18
8,card,25.96,Cortado,Morning,Wed,Oct,3,10,02-10-2024,8.42.44
9,card,30.86,Americano with Milk,Morning,Wed,Oct,3,10,02-10-2024,9.19.17
10,card,35.76,Latte,Morning,Wed,Oct,3,10,02-10-2024,10.22.01
10,card,30.86,Americano with Milk,Morning,Wed,Oct,3,10,02-10-2024,10.23.55
11,card,35.76,Cappuccino,Morning,Wed,Oct,3,10,02-10-2024,11.28.53
15,card,35.76,Cappuccino,Afternoon,Wed,Oct,3,10,02-10-2024,15.13.42
18,card,35.76,Hot Chocolate,Night,Wed,Oct,3,10,02-10-2024,18.31.07
22,card,35.76,Hot Chocolate,Night,Wed,Oct,3,10,02-10-2024,22.18.55
22,card,35.76,Hot Chocolate,Night,Wed,Oct,3,10,02-10-2024,22.19.40
22,card,35.76,Hot Chocolate,Night,Wed,Oct,3,10,02-10-2024,22.20.23
13,card,35.76,Cocoa,Afternoon,Thu,Oct,4,10,03-10-2024,13.47.35
15,card,30.86,Americano with Milk,Afternoon,Thu,Oct,4,10,03-10-2024,15.12.05
20,card,25.96,Cortado,Night,Thu,Oct,4,10,03-10-2024,20.12.57
20,card,35.76,Hot Chocolate,Night,Thu,Oct,4,10,03-10-2024,20.14.04
21,card,35.76,Hot Chocolate,Night,Thu,Oct,4,10,03-10-2024,21.21.06
21,card,35.76,Hot Chocolate,Night,Thu,Oct,4,10,03-10-2024,21.21.46
21,card,35.76,Cappuccino,Night,Thu,Oct,4,10,03-10-2024,21.29.03
21,card,35.76,Hot Chocolate,Night,Thu,Oct,4,10,03-10-2024,21.31.00
8,card,25.96,Americano,Morning,Fri,Oct,5,10,04-10-2024,8.44.00
8,card,25.96,Americano,Morning,Fri,Oct,5,10,04-10-2024,8.45.38
9,card,30.86,Americano with Milk,Morning,Fri,Oct,5,10,04-10-2024,9.30.22
9,card,25.96,Americano,Morning,Fri,Oct,5,10,04-10-2024,9.31.27
9,card,25.96,Cortado,Morning,Fri,Oct,5,10,04-10-2024,9.53.58
9,card,25.96,Cortado,Morning,Fri,Oct,5,10,04-10-2024,9.55.04
17,card,35.76,Latte,Night,Fri,Oct,5,10,04-10-2024,17.35.14
17,card,35.76,Hot Chocolate,Night,Fri,Oct,5,10,04-10-2024,17.42.22
17,card,35.76,Cocoa,Night,Fri,Oct,5,10,04-10-2024,17.44.36
9,card,25.96,Cortado,Morning,Sat,Oct,6,10,05-10-2024,9.00.46
9,card,25.96,Cortado,Morning,Sat,Oct,6,10,05-10-2024,9.01.42
9,card,35.76,Cocoa,Morning,Sat,Oct,6,10,05-10-2024,9.35.44
13,card,35.76,Cappuccino,Afternoon,Sat,Oct,6,10,05-10-2024,13.12.13
20,card,25.96,Americano,Night,Sat,Oct,6,10,05-10-2024,20.08.38
20,card,25.96,Americano,Night,Sat,Oct,6,10,05-10-2024,20.09.33
8,card,25.96,Cortado,Morning,Sun,Oct,7,10,06-10-2024,8.22.56
10,card,35.76,Cappuccino,Morning,Sun,Oct,7,10,06-10-2024,10.05.43
10,card,25.96,Cortado,Morning,Sun,Oct,7,10,06-10-2024,10.06.47
11,card,35.76,Latte,Morning,Sun,Oct,7,10,06-10-2024,11.55.28
12,card,35.76,Latte,Afternoon,Sun,Oct,7,10,06-10-2024,12.09.03
12,card,35.76,Cappuccino,Afternoon,Sun,Oct,7,10,06-10-2024,12.10.17
12,card,30.86,Americano with Milk,Afternoon,Sun,Oct,7,10,06-10-2024,12.11.43
13,card,25.96,Americano,Afternoon,Sun,Oct,7,10,06-10-2024,13.46.03
13,card,35.76,Cappuccino,Afternoon,Sun,Oct,7,10,06-10-2024,13.47.01
13,card,30.86,Americano with Milk,Afternoon,Sun,Oct,7,10,06-10-2024,13.50.00
13,card,35.76,Latte,Afternoon,Sun,Oct,7,10,06-10-2024,13.51.04
13,card,35.76,Cappuccino,Afternoon,Sun,Oct,7,10,06-10-2024,13.51.56
16,card,35.76,Cappuccino,Afternoon,Sun,Oct,7,10,06-10-2024,16.31.33
16,card,21.06,Espresso,Afternoon,Sun,Oct,7,10,06-10-2024,16.35.45
18,card,30.86,Americano with Milk,Night,Sun,Oct,7,10,06-10-2024,18.17.44
18,card,35.76,Hot Chocolate,Night,Sun,Oct,7,10,06-10-2024,18.35.16
21,card,35.76,Hot Chocolate,Night,Sun,Oct,7,10,06-10-2024,21.09.12
21,card,35.76,Hot Chocolate,Night,Sun,Oct,7,10,06-10-2024,21.10.00
21,card,35.76,Hot Chocolate,Night,Sun,Oct,7,10,06-10-2024,21.10.45
21,card,35.76,Latte,Night,Sun,Oct,7,10,06-10-2024,21.16.48
8,card,35.76,Latte,Morning,Mon,Oct,1,10,07-10-2024,8.33.36
8,card,35.76,Latte,Morning,Mon,Oct,1,10,07-10-2024,8.49.36
8,card,30.86,Americano with Milk,Morning,Mon,Oct,1,10,07-10-2024,8.50.41
9,card,35.76,Cocoa,Morning,Mon,Oct,1,10,07-10-2024,9.05.28
9,card,35.76,Latte,Morning,Mon,Oct,1,10,07-10-2024,9.09.58
12,card,30.86,Americano with Milk,Afternoon,Mon,Oct,1,10,07-10-2024,12.17.56
14,card,25.96,Americano,Afternoon,Mon,Oct,1,10,07-10-2024,14.31.45
14,card,25.96,Americano,Afternoon,Mon,Oct,1,10,07-10-2024,14.32.38
17,card,35.76,Latte,Night,Mon,Oct,1,10,07-10-2024,17.48.55
21,card,35.76,Hot Chocolate,Night,Mon,Oct,1,10,07-10-2024,21.14.42
21,card,35.76,Hot Chocolate,Night,Mon,Oct,1,10,07-10-2024,21.15.20
21,card,35.76,Latte,Night,Mon,Oct,1,10,07-10-2024,21.40.48
8,card,35.76,Latte,Morning,Tue,Oct,2,10,08-10-2024,8.11.50
9,card,30.86,Americano with Milk,Morning,Tue,Oct,2,10,08-10-2024,9.05.14
10,card,25.96,Americano,Morning,Tue,Oct,2,10,08-10-2024,10.22.31
10,card,35.76,Latte,Morning,Tue,Oct,2,10,08-10-2024,10.27.08
11,card,35.76,Latte,Morning,Tue,Oct,2,10,08-10-2024,11.30.10
12,card,25.96,Americano,Afternoon,Tue,Oct,2,10,08-10-2024,12.48.04
12,card,25.96,Americano,Afternoon,Tue,Oct,2,10,08-10-2024,12.49.04
13,card,35.76,Latte,Afternoon,Tue,Oct,2,10,08-10-2024,13.04.00
13,card,35.76,Latte,Afternoon,Tue,Oct,2,10,08-10-2024,13.04.59
14,card,35.76,Latte,Afternoon,Tue,Oct,2,10,08-10-2024,14.42.52
15,card,35.76,Latte,Afternoon,Tue,Oct,2,10,08-10-2024,15.13.41
15,card,25.96,Americano,Afternoon,Tue,Oct,2,10,08-10-2024,15.19.52
15,card,30.86,Americano with Milk,Afternoon,Tue,Oct,2,10,08-10-2024,15.50.43
20,card,35.76,Hot Chocolate,Night,Tue,Oct,2,10,08-10-2024,20.40.40
20,card,35.76,Cappuccino,Night,Tue,Oct,2,10,08-10-2024,20.41.33
20,card,35.76,Latte,Night,Tue,Oct,2,10,08-10-2024,20.51.08
21,card,30.86,Americano with Milk,Night,Tue,Oct,2,10,08-10-2024,21.24.32
21,card,30.86,Americano with Milk,Night,Tue,Oct,2,10,08-10-2024,0.00.00
7,card,35.76,Latte,Morning,Wed,Oct,3,10,09-10-2024,7.54.42
8,card,30.86,Americano with Milk,Morning,Wed,Oct,3,10,09-10-2024,8.25.57
9,card,30.86,Americano with Milk,Morning,Wed,Oct,3,10,09-10-2024,9.43.21
9,card,35.76,Latte,Morning,Wed,Oct,3,10,09-10-2024,9.59.39
10,card,21.06,Espresso,Morning,Wed,Oct,3,10,09-10-2024,10.37.56
11,card,25.96,Americano,Morning,Wed,Oct,3,10,09-10-2024,11.18.02
13,card,35.76,Latte,Afternoon,Wed,Oct,3,10,09-10-2024,13.03.08
13,card,30.86,Americano with Milk,Afternoon,Wed,Oct,3,10,09-10-2024,13.52.34
17,card,35.76,Cappuccino,Night,Wed,Oct,3,10,09-10-2024,17.26.44
17,card,25.96,Americano,Night,Wed,Oct,3,10,09-10-2024,17.27.48
17,card,21.06,Espresso,Night,Wed,Oct,3,10,09-10-2024,17.49.59
20,card,35.76,Cappuccino,Night,Wed,Oct,3,10,09-10-2024,20.49.12
8,card,25.96,Americano,Morning,Thu,Oct,4,10,10-10-2024,8.48.06
9,card,30.86,Americano with Milk,Morning,Thu,Oct,4,10,10-10-2024,9.23.20
9,card,35.76,Hot Chocolate,Morning,Thu,Oct,4,10,10-10-2024,9.51.44
10,card,35.76,Latte,Morning,Thu,Oct,4,10,10-10-2024,10.05.09
10,card,25.96,Cortado,Morning,Thu,Oct,4,10,10-10-2024,10.42.43
10,card,25.96,Cortado,Morning,Thu,Oct,4,10,10-10-2024,10.43.30
10,card,35.76,Latte,Morning,Thu,Oct,4,10,10-10-2024,10.55.32
11,card,35.76,Latte,Morning,Thu,Oct,4,10,10-10-2024,11.04.19
15,card,35.76,Cappuccino,Afternoon,Thu,Oct,4,10,10-10-2024,15.05.42
17,card,35.76,Latte,Night,Thu,Oct,4,10,10-10-2024,17.40.44
18,card,25.96,Americano,Night,Thu,Oct,4,10,10-10-2024,18.18.32
18,card,30.86,Americano with Milk,Night,Thu,Oct,4,10,10-10-2024,18.56.30
18,card,35.76,Latte,Night,Thu,Oct,4,10,10-10-2024,18.57.35
22,card,35.76,Hot Chocolate,Night,Thu,Oct,4,10,10-10-2024,22.33.16
22,card,35.76,Hot Chocolate,Night,Thu,Oct,4,10,10-10-2024,22.33.59
7,card,30.86,Americano with Milk,Morning,Fri,Oct,5,10,11-10-2024,7.54.51
8,card,35.76,Latte,Morning,Fri,Oct,5,10,11-10-2024,8.00.50
8,card,25.96,Cortado,Morning,Fri,Oct,5,10,11-10-2024,8.12.20
8,card,35.76,Latte,Morning,Fri,Oct,5,10,11-10-2024,8.28.18
8,card,35.76,Cocoa,Morning,Fri,Oct,5,10,11-10-2024,8.29.22
8,card,35.76,Cocoa,Morning,Fri,Oct,5,10,11-10-2024,8.55.43
8,card,30.86,Americano with Milk,Morning,Fri,Oct,5,10,11-10-2024,8.56.58
8,card,35.76,Hot Chocolate,Morning,Fri,Oct,5,10,11-10-2024,8.58.09
9,card,30.86,Americano with Milk,Morning,Fri,Oct,5,10,11-10-2024,9.31.42
9,card,25.96,Cortado,Morning,Fri,Oct,5,10,11-10-2024,9.38.46
10,card,25.96,Americano,Morning,Fri,Oct,5,10,11-10-2024,10.00.40
10,card,25.96,Americano,Morning,Fri,Oct,5,10,11-10-2024,10.01.54
10,card,30.86,Americano with Milk,Morning,Fri,Oct,5,10,11-10-2024,10.30.35
13,card,35.76,Latte,Afternoon,Fri,Oct,5,10,11-10-2024,13.05.01
13,card,25.96,Americano,Afternoon,Fri,Oct,5,10,11-10-2024,13.29.02
13,card,25.96,Americano,Afternoon,Fri,Oct,5,10,11-10-2024,13.30.09
14,card,35.76,Cocoa,Afternoon,Fri,Oct,5,10,11-10-2024,14.33.40
14,card,25.96,Americano,Afternoon,Fri,Oct,5,10,11-10-2024,14.35.29
14,card,35.76,Cappuccino,Afternoon,Fri,Oct,5,10,11-10-2024,14.50.08
17,card,35.76,Latte,Night,Fri,Oct,5,10,11-10-2024,17.12.07
17,card,35.76,Hot Chocolate,Night,Fri,Oct,5,10,11-10-2024,17.13.21
17,card,35.76,Hot Chocolate,Night,Fri,Oct,5,10,11-10-2024,17.26.11
21,card,35.76,Latte,Night,Fri,Oct,5,10,11-10-2024,21.48.37
21,card,30.86,Americano with Milk,Night,Fri,Oct,5,10,11-10-2024,21.53.53
22,card,35.76,Hot Chocolate,Night,Fri,Oct,5,10,11-10-2024,22.36.27
22,card,35.76,Hot Chocolate,Night,Fri,Oct,5,10,11-10-2024,22.37.26
8,card,25.96,Cortado,Morning,Sat,Oct,6,10,12-10-2024,8.28.15
10,card,25.96,Cortado,Morning,Sat,Oct,6,10,12-10-2024,10.31.38
10,card,25.96,Cortado,Morning,Sat,Oct,6,10,12-10-2024,10.32.55
11,card,35.76,Latte,Morning,Sat,Oct,6,10,12-10-2024,11.52.15
11,card,30.86,Americano with Milk,Morning,Sat,Oct,6,10,12-10-2024,11.53.41
13,card,35.76,Cappuccino,Afternoon,Sat,Oct,6,10,12-10-2024,13.18.47
20,card,35.76,Latte,Night,Sat,Oct,6,10,12-10-2024,20.10.53
9,card,25.96,Cortado,Morning,Sun,Oct,7,10,13-10-2024,9.54.55
12,card,30.86,Americano with Milk,Afternoon,Sun,Oct,7,10,13-10-2024,12.20.46
13,card,25.96,Cortado,Afternoon,Sun,Oct,7,10,13-10-2024,13.32.29
13,card,21.06,Espresso,Afternoon,Sun,Oct,7,10,13-10-2024,13.33.29
13,card,25.96,Cortado,Afternoon,Sun,Oct,7,10,13-10-2024,13.34.25
17,card,35.76,Latte,Night,Sun,Oct,7,10,13-10-2024,17.53.20
17,card,35.76,Latte,Night,Sun,Oct,7,10,13-10-2024,17.54.22
18,card,35.76,Cappuccino,Night,Sun,Oct,7,10,13-10-2024,18.22.58
20,card,35.76,Cappuccino,Night,Sun,Oct,7,10,13-10-2024,20.43.04
8,card,30.86,Americano with Milk,Morning,Mon,Oct,1,10,14-10-2024,8.26.54
9,card,35.76,Cocoa,Morning,Mon,Oct,1,10,14-10-2024,9.49.54
10,card,25.96,Cortado,Morning,Mon,Oct,1,10,14-10-2024,10.27.51
10,card,35.76,Latte,Morning,Mon,Oct,1,10,14-10-2024,10.38.06
10,card,35.76,Latte,Morning,Mon,Oct,1,10,14-10-2024,10.39.13
11,card,35.76,Cappuccino,Morning,Mon,Oct,1,10,14-10-2024,11.23.50
11,card,25.96,Americano,Morning,Mon,Oct,1,10,14-10-2024,11.25.37
11,card,25.96,Americano,Morning,Mon,Oct,1,10,14-10-2024,11.26.45
14,card,35.76,Latte,Afternoon,Mon,Oct,1,10,14-10-2024,14.36.07
14,card,35.76,Latte,Afternoon,Mon,Oct,1,10,14-10-2024,14.49.51
16,card,25.96,Americano,Afternoon,Mon,Oct,1,10,14-10-2024,16.37.47
18,card,35.76,Latte,Night,Mon,Oct,1,10,14-10-2024,18.19.19
18,card,35.76,Cappuccino,Night,Mon,Oct,1,10,14-10-2024,18.20.20
22,card,35.76,Latte,Night,Mon,Oct,1,10,14-10-2024,22.08.53
22,card,35.76,Latte,Night,Mon,Oct,1,10,14-10-2024,22.10.23
22,card,35.76,Latte,Night,Mon,Oct,1,10,14-10-2024,22.21.53
8,card,25.96,Cortado,Morning,Tue,Oct,2,10,15-10-2024,8.14.28
8,card,21.06,Espresso,Morning,Tue,Oct,2,10,15-10-2024,8.34.17
11,card,35.76,Hot Chocolate,Morning,Tue,Oct,2,10,15-10-2024,11.13.21
11,card,35.76,Latte,Morning,Tue,Oct,2,10,15-10-2024,11.15.20
11,card,35.76,Hot Chocolate,Morning,Tue,Oct,2,10,15-10-2024,11.16.27
13,card,35.76,Latte,Afternoon,Tue,Oct,2,10,15-10-2024,13.00.43
13,card,30.86,Americano with Milk,Afternoon,Tue,Oct,2,10,15-10-2024,13.15.44
15,card,35.76,Latte,Afternoon,Tue,Oct,2,10,15-10-2024,15.32.11
15,card,25.96,Americano,Afternoon,Tue,Oct,2,10,15-10-2024,15.54.16
15,card,21.06,Espresso,Afternoon,Tue,Oct,2,10,15-10-2024,15.55.19
17,card,35.76,Hot Chocolate,Night,Tue,Oct,2,10,15-10-2024,17.04.11
19,card,25.96,Americano,Night,Tue,Oct,2,10,15-10-2024,19.22.21
19,card,35.76,Cocoa,Night,Tue,Oct,2,10,15-10-2024,19.23.17
20,card,35.76,Latte,Night,Tue,Oct,2,10,15-10-2024,20.11.14
20,card,35.76,Latte,Night,Tue,Oct,2,10,15-10-2024,20.12.28
21,card,35.76,Hot Chocolate,Night,Tue,Oct,2,10,15-10-2024,21.18.08
21,card,35.76,Hot Chocolate,Night,Tue,Oct,2,10,15-10-2024,21.35.19
22,card,35.76,Latte,Night,Tue,Oct,2,10,15-10-2024,22.15.19
8,card,30.86,Americano with Milk,Morning,Wed,Oct,3,10,16-10-2024,8.21.26
8,card,35.76,Hot Chocolate,Morning,Wed,Oct,3,10,16-10-2024,8.36.23
9,card,35.76,Latte,Morning,Wed,Oct,3,10,16-10-2024,9.25.51
10,card,30.86,Americano with Milk,Morning,Wed,Oct,3,10,16-10-2024,10.15.47
10,card,30.86,Americano with Milk,Morning,Wed,Oct,3,10,16-10-2024,10.16.53
10,card,30.86,Americano with Milk,Morning,Wed,Oct,3,10,16-10-2024,10.45.24
11,card,25.96,Americano,Morning,Wed,Oct,3,10,16-10-2024,11.49.44
12,card,30.86,Americano with Milk,Afternoon,Wed,Oct,3,10,16-10-2024,12.29.44
13,card,25.96,Americano,Afternoon,Wed,Oct,3,10,16-10-2024,13.20.10
16,card,35.76,Latte,Afternoon,Wed,Oct,3,10,16-10-2024,16.45.29
17,card,30.86,Americano with Milk,Night,Wed,Oct,3,10,16-10-2024,17.43.20
19,card,30.86,Americano with Milk,Night,Wed,Oct,3,10,16-10-2024,19.37.42
19,card,30.86,Americano with Milk,Night,Wed,Oct,3,10,16-10-2024,19.38.36
21,card,35.76,Hot Chocolate,Night,Wed,Oct,3,10,16-10-2024,21.20.28
7,card,35.76,Latte,Morning,Thu,Oct,4,10,17-10-2024,7.47.00
7,card,35.76,Latte,Morning,Thu,Oct,4,10,17-10-2024,7.58.06
9,card,30.86,Americano with Milk,Morning,Thu,Oct,4,10,17-10-2024,9.24.27
10,card,35.76,Latte,Morning,Thu,Oct,4,10,17-10-2024,10.26.37
10,card,35.76,Hot Chocolate,Morning,Thu,Oct,4,10,17-10-2024,10.44.54
11,card,30.86,Americano with Milk,Morning,Thu,Oct,4,10,17-10-2024,11.59.26
13,card,35.76,Latte,Afternoon,Thu,Oct,4,10,17-10-2024,13.57.24
14,card,25.96,Americano,Afternoon,Thu,Oct,4,10,17-10-2024,14.34.42
16,card,35.76,Hot Chocolate,Afternoon,Thu,Oct,4,10,17-10-2024,16.37.12
16,card,35.76,Hot Chocolate,Afternoon,Thu,Oct,4,10,17-10-2024,16.38.17
16,card,35.76,Latte,Afternoon,Thu,Oct,4,10,17-10-2024,16.39.09
16,card,35.76,Hot Chocolate,Afternoon,Thu,Oct,4,10,17-10-2024,16.48.35
16,card,35.76,Hot Chocolate,Afternoon,Thu,Oct,4,10,17-10-2024,16.49.33
17,card,35.76,Cappuccino,Night,Thu,Oct,4,10,17-10-2024,17.08.27
17,card,35.76,Hot Chocolate,Night,Thu,Oct,4,10,17-10-2024,17.09.30
19,card,35.76,Latte,Night,Thu,Oct,4,10,17-10-2024,19.43.12
20,card,30.86,Americano with Milk,Night,Thu,Oct,4,10,17-10-2024,20.11.36
21,card,35.76,Latte,Night,Thu,Oct,4,10,17-10-2024,21.46.12
21,card,35.76,Latte,Night,Thu,Oct,4,10,17-10-2024,21.47.20
21,card,35.76,Latte,Night,Thu,Oct,4,10,17-10-2024,21.48.31
21,card,35.76,Hot Chocolate,Night,Thu,Oct,4,10,17-10-2024,21.49.54
8,card,35.76,Cocoa,Morning,Fri,Oct,5,10,18-10-2024,8.41.59
8,card,35.76,Cocoa,Morning,Fri,Oct,5,10,18-10-2024,8.42.59
9,card,35.76,Cocoa,Morning,Fri,Oct,5,10,18-10-2024,9.32.41
9,card,35.76,Cocoa,Morning,Fri,Oct,5,10,18-10-2024,9.34.08
9,card,35.76,Cappuccino,Morning,Fri,Oct,5,10,18-10-2024,9.55.20
11,card,35.76,Cappuccino,Morning,Fri,Oct,5,10,18-10-2024,11.54.58
14,card,35.76,Latte,Afternoon,Fri,Oct,5,10,18-10-2024,14.51.04
14,card,35.76,Cappuccino,Afternoon,Fri,Oct,5,10,18-10-2024,14.52.15
15,card,25.96,Americano,Afternoon,Fri,Oct,5,10,18-10-2024,15.39.19
16,card,35.76,Latte,Afternoon,Fri,Oct,5,10,18-10-2024,16.09.57
17,card,35.76,Hot Chocolate,Night,Fri,Oct,5,10,18-10-2024,17.45.38
21,card,35.76,Cocoa,Night,Fri,Oct,5,10,18-10-2024,21.14.40
21,card,35.76,Cocoa,Night,Fri,Oct,5,10,18-10-2024,21.15.22
21,card,30.86,Americano with Milk,Night,Fri,Oct,5,10,18-10-2024,21.52.23
22,card,35.76,Latte,Night,Fri,Oct,5,10,18-10-2024,22.03.26
8,card,30.86,Americano with Milk,Morning,Sat,Oct,6,10,19-10-2024,8.34.13
13,card,35.76,Latte,Afternoon,Sat,Oct,6,10,19-10-2024,13.22.06
14,card,35.76,Cappuccino,Afternoon,Sat,Oct,6,10,19-10-2024,14.10.32
15,card,35.76,Hot Chocolate,Afternoon,Sat,Oct,6,10,19-10-2024,15.56.55
15,card,35.76,Latte,Afternoon,Sat,Oct,6,10,19-10-2024,15.59.24
16,card,35.76,Latte,Afternoon,Sat,Oct,6,10,19-10-2024,16.02.45
16,card,35.76,Latte,Afternoon,Sat,Oct,6,10,19-10-2024,16.17.42
21,card,35.76,Cocoa,Night,Sat,Oct,6,10,19-10-2024,21.46.45
22,card,35.76,Cappuccino,Night,Sat,Oct,6,10,19-10-2024,22.46.37
8,card,35.76,Latte,Morning,Sun,Oct,7,10,20-10-2024,8.40.43
8,card,35.76,Cocoa,Morning,Sun,Oct,7,10,20-10-2024,8.41.50
11,card,35.76,Latte,Morning,Sun,Oct,7,10,20-10-2024,11.16.51
14,card,35.76,Hot Chocolate,Afternoon,Sun,Oct,7,10,20-10-2024,14.28.46
14,card,25.96,Cortado,Afternoon,Sun,Oct,7,10,20-10-2024,14.29.43
15,card,30.86,Americano with Milk,Afternoon,Sun,Oct,7,10,20-10-2024,15.52.45
16,card,35.76,Latte,Afternoon,Sun,Oct,7,10,20-10-2024,16.45.09
16,card,35.76,Latte,Afternoon,Sun,Oct,7,10,20-10-2024,16.46.04
17,card,35.76,Latte,Night,Sun,Oct,7,10,20-10-2024,17.27.05
18,card,35.76,Cocoa,Night,Sun,Oct,7,10,20-10-2024,18.34.16
18,card,35.76,Cocoa,Night,Sun,Oct,7,10,20-10-2024,18.35.08
21,card,35.76,Hot Chocolate,Night,Sun,Oct,7,10,20-10-2024,21.14.18
21,card,25.96,Cortado,Night,Sun,Oct,7,10,20-10-2024,21.15.17
21,card,35.76,Cocoa,Night,Sun,Oct,7,10,20-10-2024,21.17.26
21,card,35.76,Latte,Night,Sun,Oct,7,10,20-10-2024,21.25.00
22,card,35.76,Cappuccino,Night,Sun,Oct,7,10,20-10-2024,22.17.29
7,card,35.76,Latte,Morning,Mon,Oct,1,10,21-10-2024,7.48.43
8,card,35.76,Latte,Morning,Mon,Oct,1,10,21-10-2024,8.19.56
9,card,30.86,Americano with Milk,Morning,Mon,Oct,1,10,21-10-2024,9.04.54
9,card,35.76,Latte,Morning,Mon,Oct,1,10,21-10-2024,9.34.25
10,card,25.96,Americano,Morning,Mon,Oct,1,10,21-10-2024,10.25.09
10,card,25.96,Cortado,Morning,Mon,Oct,1,10,21-10-2024,10.41.44
10,card,25.96,Cortado,Morning,Mon,Oct,1,10,21-10-2024,10.42.35
11,card,21.06,Espresso,Morning,Mon,Oct,1,10,21-10-2024,11.27.41
12,card,35.76,Cappuccino,Afternoon,Mon,Oct,1,10,21-10-2024,12.40.24
14,card,35.76,Latte,Afternoon,Mon,Oct,1,10,21-10-2024,14.42.56
14,card,35.76,Latte,Afternoon,Mon,Oct,1,10,21-10-2024,14.43.58
15,card,30.86,Americano with Milk,Afternoon,Mon,Oct,1,10,21-10-2024,15.27.02
15,card,25.96,Cortado,Afternoon,Mon,Oct,1,10,21-10-2024,15.39.04
16,card,35.76,Cocoa,Afternoon,Mon,Oct,1,10,21-10-2024,16.42.57
16,card,35.76,Latte,Afternoon,Mon,Oct,1,10,21-10-2024,16.55.22
19,card,35.76,Hot Chocolate,Night,Mon,Oct,1,10,21-10-2024,19.21.13
21,card,35.76,Latte,Night,Mon,Oct,1,10,21-10-2024,21.05.36
22,card,35.76,Cocoa,Night,Mon,Oct,1,10,21-10-2024,22.30.44
22,card,35.76,Hot Chocolate,Night,Mon,Oct,1,10,21-10-2024,22.31.33
7,card,35.76,Latte,Morning,Tue,Oct,2,10,22-10-2024,7.32.59
7,card,35.76,Cappuccino,Morning,Tue,Oct,2,10,22-10-2024,7.34.00
8,card,30.86,Americano with Milk,Morning,Tue,Oct,2,10,22-10-2024,8.25.32
9,card,25.96,Cortado,Morning,Tue,Oct,2,10,22-10-2024,9.17.50
10,card,21.06,Espresso,Morning,Tue,Oct,2,10,22-10-2024,10.51.32
10,card,25.96,Cortado,Morning,Tue,Oct,2,10,22-10-2024,10.52.17
18,card,25.96,Americano,Night,Tue,Oct,2,10,22-10-2024,18.07.02
19,card,35.76,Hot Chocolate,Night,Tue,Oct,2,10,22-10-2024,19.46.39
19,card,35.76,Latte,Night,Tue,Oct,2,10,22-10-2024,19.47.50
7,card,35.76,Latte,Morning,Wed,Oct,3,10,23-10-2024,7.58.06
8,card,30.86,Americano with Milk,Morning,Wed,Oct,3,10,23-10-2024,8.45.14
10,card,25.96,Cortado,Morning,Wed,Oct,3,10,23-10-2024,10.24.57
12,card,30.86,Americano with Milk,Afternoon,Wed,Oct,3,10,23-10-2024,12.31.05
16,card,30.86,Americano with Milk,Afternoon,Wed,Oct,3,10,23-10-2024,16.20.02
16,card,30.86,Americano with Milk,Afternoon,Wed,Oct,3,10,23-10-2024,16.21.09
16,card,35.76,Cappuccino,Afternoon,Wed,Oct,3,10,23-10-2024,16.42.30
17,card,21.06,Espresso,Night,Wed,Oct,3,10,23-10-2024,17.02.46
18,card,35.76,Cocoa,Night,Wed,Oct,3,10,23-10-2024,18.58.58
19,card,35.76,Cappuccino,Night,Wed,Oct,3,10,23-10-2024,19.00.43
21,card,30.86,Americano with Milk,Night,Wed,Oct,3,10,23-10-2024,21.57.20
21,card,35.76,Hot Chocolate,Night,Wed,Oct,3,10,23-10-2024,21.58.23
22,card,35.76,Latte,Night,Wed,Oct,3,10,23-10-2024,22.23.38
12,card,25.96,Americano,Afternoon,Thu,Oct,4,10,24-10-2024,12.07.46
13,card,35.76,Cappuccino,Afternoon,Thu,Oct,4,10,24-10-2024,13.23.59
14,card,35.76,Cappuccino,Afternoon,Thu,Oct,4,10,24-10-2024,14.09.46
14,card,35.76,Hot Chocolate,Afternoon,Thu,Oct,4,10,24-10-2024,14.49.01
14,card,35.76,Latte,Afternoon,Thu,Oct,4,10,24-10-2024,14.49.49
15,card,35.76,Latte,Afternoon,Thu,Oct,4,10,24-10-2024,15.47.32
15,card,35.76,Latte,Afternoon,Thu,Oct,4,10,24-10-2024,15.48.29
18,card,25.96,Americano,Night,Thu,Oct,4,10,24-10-2024,18.53.47
18,card,25.96,Americano,Night,Thu,Oct,4,10,24-10-2024,18.55.07
19,card,35.76,Latte,Night,Thu,Oct,4,10,24-10-2024,19.50.18
20,card,25.96,Americano,Night,Thu,Oct,4,10,24-10-2024,20.44.11
21,card,35.76,Hot Chocolate,Night,Thu,Oct,4,10,24-10-2024,21.14.44
21,card,35.76,Hot Chocolate,Night,Thu,Oct,4,10,24-10-2024,21.15.29
21,card,35.76,Hot Chocolate,Night,Thu,Oct,4,10,24-10-2024,21.56.20
21,card,35.76,Cappuccino,Night,Thu,Oct,4,10,24-10-2024,21.57.10
7,card,35.76,Cappuccino,Morning,Fri,Oct,5,10,25-10-2024,7.38.11
7,card,21.06,Espresso,Morning,Fri,Oct,5,10,25-10-2024,7.45.22
8,card,35.76,Cocoa,Morning,Fri,Oct,5,10,25-10-2024,8.10.04
8,card,35.76,Latte,Morning,Fri,Oct,5,10,25-10-2024,8.10.54
8,card,35.76,Cocoa,Morning,Fri,Oct,5,10,25-10-2024,8.18.49
10,card,25.96,Americano,Morning,Fri,Oct,5,10,25-10-2024,10.03.28
10,card,25.96,Americano,Morning,Fri,Oct,5,10,25-10-2024,10.05.21
10,card,30.86,Americano with Milk,Morning,Fri,Oct,5,10,25-10-2024,10.51.01
11,card,35.76,Cocoa,Morning,Fri,Oct,5,10,25-10-2024,11.49.42
11,card,35.76,Cocoa,Morning,Fri,Oct,5,10,25-10-2024,11.50.30
12,card,25.96,Cortado,Afternoon,Fri,Oct,5,10,25-10-2024,12.06.50
12,card,35.76,Latte,Afternoon,Fri,Oct,5,10,25-10-2024,12.40.37
14,card,35.76,Cappuccino,Afternoon,Fri,Oct,5,10,25-10-2024,14.23.16
22,card,35.76,Hot Chocolate,Night,Fri,Oct,5,10,25-10-2024,22.19.23
22,card,21.06,Espresso,Night,Fri,Oct,5,10,25-10-2024,22.22.31
7,card,35.76,Cappuccino,Morning,Sat,Oct,6,10,26-10-2024,7.49.59
8,card,25.96,Cortado,Morning,Sat,Oct,6,10,26-10-2024,8.41.44
8,card,35.76,Cappuccino,Morning,Sat,Oct,6,10,26-10-2024,8.52.59
10,card,25.96,Americano,Morning,Sat,Oct,6,10,26-10-2024,10.24.38
12,card,35.76,Cocoa,Afternoon,Sat,Oct,6,10,26-10-2024,12.18.09
13,card,35.76,Latte,Afternoon,Sat,Oct,6,10,26-10-2024,13.03.31
14,card,35.76,Latte,Afternoon,Sat,Oct,6,10,26-10-2024,14.34.58
14,card,30.86,Americano with Milk,Afternoon,Sat,Oct,6,10,26-10-2024,14.36.14
15,card,25.96,Cortado,Afternoon,Sat,Oct,6,10,26-10-2024,15.05.22
15,card,25.96,Cortado,Afternoon,Sat,Oct,6,10,26-10-2024,15.06.19
15,card,35.76,Latte,Afternoon,Sat,Oct,6,10,26-10-2024,15.38.28
15,card,35.76,Latte,Afternoon,Sat,Oct,6,10,26-10-2024,15.39.29
15,card,30.86,Americano with Milk,Afternoon,Sat,Oct,6,10,26-10-2024,15.52.01
15,card,30.86,Americano with Milk,Afternoon,Sat,Oct,6,10,26-10-2024,15.53.21
19,card,35.76,Cappuccino,Night,Sat,Oct,6,10,26-10-2024,19.19.21
20,card,30.86,Americano with Milk,Night,Sat,Oct,6,10,26-10-2024,20.34.46
11,card,30.86,Americano with Milk,Morning,Sun,Oct,7,10,27-10-2024,11.01.56
12,card,35.76,Latte,Afternoon,Sun,Oct,7,10,27-10-2024,12.53.25
12,card,30.86,Americano with Milk,Afternoon,Sun,Oct,7,10,27-10-2024,12.54.27
13,card,35.76,Cappuccino,Afternoon,Sun,Oct,7,10,27-10-2024,13.43.46
16,card,35.76,Latte,Afternoon,Sun,Oct,7,10,27-10-2024,16.17.06
7,card,35.76,Cappuccino,Morning,Mon,Oct,1,10,28-10-2024,7.46.28
8,card,25.96,Americano,Morning,Mon,Oct,1,10,28-10-2024,8.01.12
8,card,35.76,Latte,Morning,Mon,Oct,1,10,28-10-2024,8.35.02
9,card,30.86,Americano with Milk,Morning,Mon,Oct,1,10,28-10-2024,9.15.42
11,card,35.76,Latte,Morning,Mon,Oct,1,10,28-10-2024,11.42.36
11,card,35.76,Latte,Morning,Mon,Oct,1,10,28-10-2024,11.43.43
12,card,35.76,Hot Chocolate,Afternoon,Mon,Oct,1,10,28-10-2024,12.01.36
12,card,30.86,Americano with Milk,Afternoon,Mon,Oct,1,10,28-10-2024,12.02.34
12,card,35.76,Cappuccino,Afternoon,Mon,Oct,1,10,28-10-2024,12.21.30
14,card,30.86,Americano with Milk,Afternoon,Mon,Oct,1,10,28-10-2024,14.10.54
14,card,30.86,Americano with Milk,Afternoon,Mon,Oct,1,10,28-10-2024,14.11.56
14,card,30.86,Americano with Milk,Afternoon,Mon,Oct,1,10,28-10-2024,14.30.59
16,card,35.76,Latte,Afternoon,Mon,Oct,1,10,28-10-2024,16.01.20
17,card,35.76,Cocoa,Night,Mon,Oct,1,10,28-10-2024,17.55.18
17,card,35.76,Cocoa,Night,Mon,Oct,1,10,28-10-2024,17.56.02
19,card,35.76,Cappuccino,Night,Mon,Oct,1,10,28-10-2024,19.10.25
21,card,30.86,Americano with Milk,Night,Mon,Oct,1,10,28-10-2024,21.20.03
22,card,30.86,Americano with Milk,Night,Mon,Oct,1,10,28-10-2024,22.05.50
8,card,35.76,Latte,Morning,Tue,Oct,2,10,29-10-2024,8.40.52
8,card,35.76,Latte,Morning,Tue,Oct,2,10,29-10-2024,8.47.05
9,card,35.76,Latte,Morning,Tue,Oct,2,10,29-10-2024,9.31.57
11,card,30.86,Americano with Milk,Morning,Tue,Oct,2,10,29-10-2024,11.59.46
12,card,21.06,Espresso,Afternoon,Tue,Oct,2,10,29-10-2024,12.21.36
14,card,25.96,Cortado,Afternoon,Tue,Oct,2,10,29-10-2024,14.15.43
14,card,25.96,Cortado,Afternoon,Tue,Oct,2,10,29-10-2024,14.17.00
14,card,35.76,Cappuccino,Afternoon,Tue,Oct,2,10,29-10-2024,14.37.35
16,card,35.76,Hot Chocolate,Afternoon,Tue,Oct,2,10,29-10-2024,16.09.33
16,card,35.76,Cocoa,Afternoon,Tue,Oct,2,10,29-10-2024,16.10.56
16,card,35.76,Cocoa,Afternoon,Tue,Oct,2,10,29-10-2024,16.17.33
18,card,30.86,Americano with Milk,Night,Tue,Oct,2,10,29-10-2024,18.02.04
18,card,30.86,Americano with Milk,Night,Tue,Oct,2,10,29-10-2024,18.02.57
19,card,30.86,Americano with Milk,Night,Tue,Oct,2,10,29-10-2024,19.02.05
19,card,35.76,Cappuccino,Night,Tue,Oct,2,10,29-10-2024,19.05.44
19,card,35.76,Hot Chocolate,Night,Tue,Oct,2,10,29-10-2024,19.51.12
19,card,35.76,Latte,Night,Tue,Oct,2,10,29-10-2024,19.54.02
20,card,35.76,Latte,Night,Tue,Oct,2,10,29-10-2024,20.07.35
7,card,35.76,Latte,Morning,Wed,Oct,3,10,30-10-2024,7.52.05
8,card,30.86,Americano with Milk,Morning,Wed,Oct,3,10,30-10-2024,8.46.26
8,card,30.86,Americano with Milk,Morning,Wed,Oct,3,10,30-10-2024,8.47.29
9,card,35.76,Latte,Morning,Wed,Oct,3,10,30-10-2024,9.11.29
10,card,35.76,Latte,Morning,Wed,Oct,3,10,30-10-2024,10.31.53
10,card,35.76,Latte,Morning,Wed,Oct,3,10,30-10-2024,10.33.07
12,card,35.76,Latte,Afternoon,Wed,Oct,3,10,30-10-2024,12.08.45
12,card,25.96,Americano,Afternoon,Wed,Oct,3,10,30-10-2024,12.09.46
12,card,30.86,Americano with Milk,Afternoon,Wed,Oct,3,10,30-10-2024,12.10.58
12,card,25.96,Americano,Afternoon,Wed,Oct,3,10,30-10-2024,12.37.00
15,card,35.76,Latte,Afternoon,Wed,Oct,3,10,30-10-2024,15.05.15
15,card,35.76,Latte,Afternoon,Wed,Oct,3,10,30-10-2024,15.07.03
16,card,30.86,Americano with Milk,Afternoon,Wed,Oct,3,10,30-10-2024,16.04.48
18,card,35.76,Hot Chocolate,Night,Wed,Oct,3,10,30-10-2024,18.08.12
19,card,30.86,Americano with Milk,Night,Wed,Oct,3,10,30-10-2024,19.18.31
19,card,30.86,Americano with Milk,Night,Wed,Oct,3,10,30-10-2024,19.43.21
7,card,35.76,Latte,Morning,Thu,Oct,4,10,31-10-2024,7.54.17
8,card,35.76,Latte,Morning,Thu,Oct,4,10,31-10-2024,8.38.53
9,card,30.86,Americano with Milk,Morning,Thu,Oct,4,10,31-10-2024,9.18.19
15,card,35.76,Latte,Afternoon,Thu,Oct,4,10,31-10-2024,15.59.26
16,card,30.86,Americano with Milk,Afternoon,Thu,Oct,4,10,31-10-2024,16.00.30
8,card,35.76,Cocoa,Morning,Fri,Nov,5,11,01-11-2024,8.24.03
8,card,25.96,Americano,Morning,Fri,Nov,5,11,01-11-2024,8.30.57
10,card,35.76,Latte,Morning,Fri,Nov,5,11,01-11-2024,10.54.50
12,card,35.76,Cocoa,Afternoon,Fri,Nov,5,11,01-11-2024,12.41.26
12,card,35.76,Cocoa,Afternoon,Fri,Nov,5,11,01-11-2024,12.42.18
15,card,25.96,Cortado,Afternoon,Fri,Nov,5,11,01-11-2024,15.55.42
22,card,30.86,Americano with Milk,Night,Fri,Nov,5,11,01-11-2024,22.41.55
8,card,25.96,Cortado,Morning,Sat,Nov,6,11,02-11-2024,8.19.44
10,card,35.76,Cocoa,Morning,Sat,Nov,6,11,02-11-2024,10.25.45
10,card,30.86,Americano with Milk,Morning,Sat,Nov,6,11,02-11-2024,10.33.09
14,card,30.86,Americano with Milk,Afternoon,Sat,Nov,6,11,02-11-2024,14.54.14
16,card,35.76,Hot Chocolate,Afternoon,Sat,Nov,6,11,02-11-2024,16.24.15
16,card,35.76,Latte,Afternoon,Sat,Nov,6,11,02-11-2024,16.25.57
16,card,35.76,Latte,Afternoon,Sat,Nov,6,11,02-11-2024,16.37.05
18,card,30.86,Americano with Milk,Night,Sat,Nov,6,11,02-11-2024,18.18.27
18,card,25.96,Americano,Night,Sat,Nov,6,11,02-11-2024,18.58.23
8,card,25.96,Cortado,Morning,Sun,Nov,7,11,03-11-2024,8.23.00
9,card,30.86,Americano with Milk,Morning,Sun,Nov,7,11,03-11-2024,9.47.06
9,card,30.86,Americano with Milk,Morning,Sun,Nov,7,11,03-11-2024,9.48.12
13,card,35.76,Latte,Afternoon,Sun,Nov,7,11,03-11-2024,13.13.51
13,card,30.86,Americano with Milk,Afternoon,Sun,Nov,7,11,03-11-2024,13.14.56
13,card,35.76,Cocoa,Afternoon,Sun,Nov,7,11,03-11-2024,13.18.24
13,card,25.96,Americano,Afternoon,Sun,Nov,7,11,03-11-2024,13.44.18
13,card,30.86,Americano with Milk,Afternoon,Sun,Nov,7,11,03-11-2024,13.59.01
16,card,35.76,Hot Chocolate,Afternoon,Sun,Nov,7,11,03-11-2024,16.15.17
16,card,35.76,Hot Chocolate,Afternoon,Sun,Nov,7,11,03-11-2024,16.16.43
16,card,25.96,Americano,Afternoon,Sun,Nov,7,11,03-11-2024,16.20.37
16,card,25.96,Americano,Afternoon,Sun,Nov,7,11,03-11-2024,16.21.46
20,card,35.76,Cocoa,Night,Sun,Nov,7,11,03-11-2024,20.26.14
7,card,35.76,Latte,Morning,Mon,Nov,1,11,04-11-2024,7.43.36
8,card,35.76,Latte,Morning,Mon,Nov,1,11,04-11-2024,8.37.33
8,card,30.86,Americano with Milk,Morning,Mon,Nov,1,11,04-11-2024,8.38.58
12,card,25.96,Americano,Afternoon,Mon,Nov,1,11,04-11-2024,12.33.35
12,card,30.86,Americano with Milk,Afternoon,Mon,Nov,1,11,04-11-2024,12.35.06
14,card,35.76,Cocoa,Afternoon,Mon,Nov,1,11,04-11-2024,14.44.38
14,card,35.76,Cocoa,Afternoon,Mon,Nov,1,11,04-11-2024,14.45.20
7,card,35.76,Cocoa,Morning,Tue,Nov,2,11,05-11-2024,7.49.31
9,card,30.86,Americano with Milk,Morning,Tue,Nov,2,11,05-11-2024,9.05.41
9,card,35.76,Cappuccino,Morning,Tue,Nov,2,11,05-11-2024,9.12.12
9,card,30.86,Americano with Milk,Morning,Tue,Nov,2,11,05-11-2024,9.13.40
10,card,30.86,Americano with Milk,Morning,Tue,Nov,2,11,05-11-2024,10.41.44
11,card,35.76,Cocoa,Morning,Tue,Nov,2,11,05-11-2024,11.47.29
11,card,35.76,Latte,Morning,Tue,Nov,2,11,05-11-2024,11.48.22
14,card,35.76,Latte,Afternoon,Tue,Nov,2,11,05-11-2024,14.36.37
14,card,35.76,Latte,Afternoon,Tue,Nov,2,11,05-11-2024,14.41.48
18,card,35.76,Cappuccino,Night,Tue,Nov,2,11,05-11-2024,18.52.56
18,card,35.76,Cappuccino,Night,Tue,Nov,2,11,05-11-2024,18.54.10
18,card,35.76,Cappuccino,Night,Tue,Nov,2,11,05-11-2024,18.55.18
21,card,35.76,Cocoa,Night,Tue,Nov,2,11,05-11-2024,21.40.44
21,card,35.76,Cocoa,Night,Tue,Nov,2,11,05-11-2024,21.42.02
21,card,35.76,Hot Chocolate,Night,Tue,Nov,2,11,05-11-2024,21.54.19
22,card,35.76,Hot Chocolate,Night,Tue,Nov,2,11,05-11-2024,22.05.50
22,card,30.86,Americano with Milk,Night,Tue,Nov,2,11,05-11-2024,22.06.38
8,card,35.76,Latte,Morning,Wed,Nov,3,11,06-11-2024,8.11.25
11,card,21.06,Espresso,Morning,Wed,Nov,3,11,06-11-2024,11.45.31
13,card,25.96,Americano,Afternoon,Wed,Nov,3,11,06-11-2024,13.15.32
15,card,35.76,Cappuccino,Afternoon,Wed,Nov,3,11,06-11-2024,15.44.16
16,card,35.76,Latte,Afternoon,Wed,Nov,3,11,06-11-2024,16.00.43
16,card,35.76,Cappuccino,Afternoon,Wed,Nov,3,11,06-11-2024,16.02.05
18,card,35.76,Hot Chocolate,Night,Wed,Nov,3,11,06-11-2024,18.40.42
18,card,35.76,Hot Chocolate,Night,Wed,Nov,3,11,06-11-2024,18.41.30
12,card,35.76,Latte,Afternoon,Thu,Nov,4,11,07-11-2024,12.17.15
15,card,25.96,Americano,Afternoon,Thu,Nov,4,11,07-11-2024,15.50.10
16,card,25.96,Americano,Afternoon,Thu,Nov,4,11,07-11-2024,16.39.39
18,card,35.76,Cocoa,Night,Thu,Nov,4,11,07-11-2024,18.17.33
19,card,35.76,Hot Chocolate,Night,Thu,Nov,4,11,07-11-2024,19.20.14
19,card,35.76,Latte,Night,Thu,Nov,4,11,07-11-2024,19.21.38
20,card,35.76,Latte,Night,Thu,Nov,4,11,07-11-2024,20.02.30
9,card,30.86,Americano with Milk,Morning,Fri,Nov,5,11,08-11-2024,9.05.42
9,card,25.96,Americano,Morning,Fri,Nov,5,11,08-11-2024,9.47.30
9,card,25.96,Americano,Morning,Fri,Nov,5,11,08-11-2024,9.48.59
11,card,35.76,Cappuccino,Morning,Fri,Nov,5,11,08-11-2024,11.47.11
13,card,35.76,Latte,Afternoon,Fri,Nov,5,11,08-11-2024,13.25.13
13,card,35.76,Latte,Afternoon,Fri,Nov,5,11,08-11-2024,13.26.17
16,card,30.86,Americano with Milk,Afternoon,Fri,Nov,5,11,08-11-2024,16.33.02
16,card,30.86,Americano with Milk,Afternoon,Fri,Nov,5,11,08-11-2024,16.55.28
20,card,35.76,Hot Chocolate,Night,Fri,Nov,5,11,08-11-2024,20.13.32
20,card,35.76,Hot Chocolate,Night,Fri,Nov,5,11,08-11-2024,20.14.24
20,card,35.76,Hot Chocolate,Night,Fri,Nov,5,11,08-11-2024,0.00.00
22,card,35.76,Latte,Night,Fri,Nov,5,11,08-11-2024,22.27.09
10,card,30.86,Americano with Milk,Morning,Sat,Nov,6,11,09-11-2024,10.08.18
11,card,25.96,Cortado,Morning,Sat,Nov,6,11,09-11-2024,11.02.08
11,card,25.96,Cortado,Morning,Sat,Nov,6,11,09-11-2024,11.03.00
11,card,35.76,Latte,Morning,Sat,Nov,6,11,09-11-2024,11.08.44
13,card,35.76,Hot Chocolate,Afternoon,Sat,Nov,6,11,09-11-2024,13.50.14
13,card,35.76,Hot Chocolate,Afternoon,Sat,Nov,6,11,09-11-2024,13.50.55
14,card,35.76,Hot Chocolate,Afternoon,Sat,Nov,6,11,09-11-2024,14.21.51
14,card,35.76,Hot Chocolate,Afternoon,Sat,Nov,6,11,09-11-2024,14.22.50
14,card,25.96,Americano,Afternoon,Sat,Nov,6,11,09-11-2024,14.37.33
15,card,30.86,Americano with Milk,Afternoon,Sat,Nov,6,11,09-11-2024,15.29.50
16,card,35.76,Latte,Afternoon,Sat,Nov,6,11,09-11-2024,16.15.47
16,card,35.76,Cocoa,Afternoon,Sat,Nov,6,11,09-11-2024,16.16.52
20,card,25.96,Americano,Night,Sat,Nov,6,11,09-11-2024,20.42.04
20,card,35.76,Latte,Night,Sat,Nov,6,11,09-11-2024,20.43.27
22,card,35.76,Cocoa,Night,Sat,Nov,6,11,09-11-2024,22.13.27
22,card,25.96,Americano,Night,Sat,Nov,6,11,09-11-2024,22.52.58
22,card,25.96,Americano,Night,Sat,Nov,6,11,09-11-2024,22.54.19
9,card,25.96,Americano,Morning,Sun,Nov,7,11,10-11-2024,9.46.21
17,card,35.76,Cocoa,Night,Sun,Nov,7,11,10-11-2024,17.52.47
18,card,35.76,Hot Chocolate,Night,Sun,Nov,7,11,10-11-2024,18.12.53
18,card,35.76,Hot Chocolate,Night,Sun,Nov,7,11,10-11-2024,18.14.03
20,card,35.76,Cappuccino,Night,Sun,Nov,7,11,10-11-2024,20.38.08
20,card,35.76,Cappuccino,Night,Sun,Nov,7,11,10-11-2024,20.39.06
7,card,35.76,Cappuccino,Morning,Mon,Nov,1,11,11-11-2024,7.48.26
9,card,30.86,Americano with Milk,Morning,Mon,Nov,1,11,11-11-2024,9.52.25
10,card,25.96,Cortado,Morning,Mon,Nov,1,11,11-11-2024,10.19.09
16,card,35.76,Cappuccino,Afternoon,Mon,Nov,1,11,11-11-2024,0.00.00
16,card,35.76,Hot Chocolate,Afternoon,Mon,Nov,1,11,11-11-2024,16.19.52
17,card,35.76,Cappuccino,Night,Mon,Nov,1,11,11-11-2024,17.33.32
19,card,35.76,Latte,Night,Mon,Nov,1,11,11-11-2024,19.00.46
19,card,35.76,Hot Chocolate,Night,Mon,Nov,1,11,11-11-2024,19.04.15
21,card,35.76,Latte,Night,Mon,Nov,1,11,11-11-2024,21.08.31
21,card,35.76,Latte,Night,Mon,Nov,1,11,11-11-2024,21.09.46
10,card,35.76,Latte,Morning,Tue,Nov,2,11,12-11-2024,10.03.08
13,card,35.76,Latte,Afternoon,Tue,Nov,2,11,12-11-2024,13.15.45
14,card,35.76,Latte,Afternoon,Tue,Nov,2,11,12-11-2024,14.39.14
16,card,35.76,Hot Chocolate,Afternoon,Tue,Nov,2,11,12-11-2024,16.47.14
16,card,35.76,Hot Chocolate,Afternoon,Tue,Nov,2,11,12-11-2024,16.48.04
16,card,35.76,Cocoa,Afternoon,Tue,Nov,2,11,12-11-2024,16.49.03
18,card,35.76,Cappuccino,Night,Tue,Nov,2,11,12-11-2024,18.45.14
20,card,35.76,Latte,Night,Tue,Nov,2,11,12-11-2024,20.07.57
20,card,35.76,Cocoa,Night,Tue,Nov,2,11,12-11-2024,20.09.21
8,card,30.86,Americano with Milk,Morning,Wed,Nov,3,11,13-11-2024,8.09.10
10,card,35.76,Latte,Morning,Wed,Nov,3,11,13-11-2024,10.37.43
13,card,30.86,Americano with Milk,Afternoon,Wed,Nov,3,11,13-11-2024,13.19.54
13,card,30.86,Americano with Milk,Afternoon,Wed,Nov,3,11,13-11-2024,13.20.58
14,card,30.86,Americano with Milk,Afternoon,Wed,Nov,3,11,13-11-2024,14.17.30
14,card,35.76,Latte,Afternoon,Wed,Nov,3,11,13-11-2024,14.46.58
9,card,35.76,Latte,Morning,Thu,Nov,4,11,14-11-2024,9.36.27
10,card,25.96,Americano,Morning,Thu,Nov,4,11,14-11-2024,10.06.42
12,card,21.06,Espresso,Afternoon,Thu,Nov,4,11,14-11-2024,12.48.50
15,card,35.76,Cappuccino,Afternoon,Thu,Nov,4,11,14-11-2024,15.03.45
15,card,35.76,Latte,Afternoon,Thu,Nov,4,11,14-11-2024,15.04.56
15,card,35.76,Cappuccino,Afternoon,Thu,Nov,4,11,14-11-2024,15.05.49
16,card,30.86,Americano with Milk,Afternoon,Thu,Nov,4,11,14-11-2024,16.13.08
16,card,35.76,Cappuccino,Afternoon,Thu,Nov,4,11,14-11-2024,16.14.21
19,card,35.76,Hot Chocolate,Night,Thu,Nov,4,11,14-11-2024,19.43.26
19,card,35.76,Hot Chocolate,Night,Thu,Nov,4,11,14-11-2024,19.46.37
20,card,35.76,Cocoa,Night,Thu,Nov,4,11,14-11-2024,20.31.30
20,card,35.76,Hot Chocolate,Night,Thu,Nov,4,11,14-11-2024,20.32.30
21,card,35.76,Latte,Night,Thu,Nov,4,11,14-11-2024,21.24.31
22,card,35.76,Latte,Night,Thu,Nov,4,11,14-11-2024,22.40.42
8,card,30.86,Americano with Milk,Morning,Fri,Nov,5,11,15-11-2024,8.45.51
11,card,30.86,Americano with Milk,Morning,Fri,Nov,5,11,15-11-2024,11.05.53
12,card,35.76,Cocoa,Afternoon,Fri,Nov,5,11,15-11-2024,12.09.00
12,card,35.76,Cocoa,Afternoon,Fri,Nov,5,11,15-11-2024,12.14.18
13,card,35.76,Latte,Afternoon,Fri,Nov,5,11,15-11-2024,13.57.33
15,card,25.96,Americano,Afternoon,Fri,Nov,5,11,15-11-2024,15.19.50
17,card,30.86,Americano with Milk,Night,Fri,Nov,5,11,15-11-2024,17.35.41
17,card,35.76,Latte,Night,Fri,Nov,5,11,15-11-2024,17.55.01
18,card,35.76,Hot Chocolate,Night,Fri,Nov,5,11,15-11-2024,18.12.44
18,card,30.86,Americano with Milk,Night,Fri,Nov,5,11,15-11-2024,18.42.21
18,card,30.86,Americano with Milk,Night,Fri,Nov,5,11,15-11-2024,18.43.21
10,card,25.96,Cortado,Morning,Sat,Nov,6,11,16-11-2024,10.21.34
10,card,25.96,Cortado,Morning,Sat,Nov,6,11,16-11-2024,10.45.51
11,card,35.76,Hot Chocolate,Morning,Sat,Nov,6,11,16-11-2024,11.02.00
11,card,35.76,Latte,Morning,Sat,Nov,6,11,16-11-2024,11.03.06
11,card,25.96,Americano,Morning,Sat,Nov,6,11,16-11-2024,11.39.24
12,card,35.76,Cappuccino,Afternoon,Sat,Nov,6,11,16-11-2024,12.30.14
12,card,30.86,Americano with Milk,Afternoon,Sat,Nov,6,11,16-11-2024,12.31.50
12,card,35.76,Latte,Afternoon,Sat,Nov,6,11,16-11-2024,12.48.35
12,card,35.76,Latte,Afternoon,Sat,Nov,6,11,16-11-2024,12.49.35
13,card,30.86,Americano with Milk,Afternoon,Sat,Nov,6,11,16-11-2024,13.16.55
13,card,35.76,Latte,Afternoon,Sat,Nov,6,11,16-11-2024,13.18.00
13,card,35.76,Latte,Afternoon,Sat,Nov,6,11,16-11-2024,13.19.09
14,card,30.86,Americano with Milk,Afternoon,Sat,Nov,6,11,16-11-2024,14.25.47
10,card,30.86,Americano with Milk,Morning,Sun,Nov,7,11,17-11-2024,10.29.36
13,card,30.86,Americano with Milk,Afternoon,Sun,Nov,7,11,17-11-2024,13.35.19
14,card,25.96,Americano,Afternoon,Sun,Nov,7,11,17-11-2024,14.18.41
14,card,30.86,Americano with Milk,Afternoon,Sun,Nov,7,11,17-11-2024,14.33.40
16,card,35.76,Latte,Afternoon,Sun,Nov,7,11,17-11-2024,16.27.26
16,card,35.76,Latte,Afternoon,Sun,Nov,7,11,17-11-2024,16.28.35
18,card,35.76,Hot Chocolate,Night,Sun,Nov,7,11,17-11-2024,18.10.06
19,card,35.76,Hot Chocolate,Night,Sun,Nov,7,11,17-11-2024,19.17.34
19,card,35.76,Hot Chocolate,Night,Sun,Nov,7,11,17-11-2024,19.18.27
7,card,30.86,Americano with Milk,Morning,Mon,Nov,1,11,18-11-2024,7.52.19
7,card,30.86,Americano with Milk,Morning,Mon,Nov,1,11,18-11-2024,7.53.16
7,card,35.76,Latte,Morning,Mon,Nov,1,11,18-11-2024,7.57.22
16,card,35.76,Latte,Afternoon,Mon,Nov,1,11,18-11-2024,16.44.49
16,card,35.76,Latte,Afternoon,Mon,Nov,1,11,18-11-2024,16.46.52
18,card,35.76,Latte,Night,Mon,Nov,1,11,18-11-2024,18.50.54
7,card,35.76,Cocoa,Morning,Tue,Nov,2,11,19-11-2024,7.49.00
7,card,30.86,Americano with Milk,Morning,Tue,Nov,2,11,19-11-2024,7.51.13
7,card,35.76,Latte,Morning,Tue,Nov,2,11,19-11-2024,7.52.13
7,card,21.06,Espresso,Morning,Tue,Nov,2,11,19-11-2024,7.53.38
7,card,35.76,Latte,Morning,Tue,Nov,2,11,19-11-2024,7.54.46
10,card,30.86,Americano with Milk,Morning,Tue,Nov,2,11,19-11-2024,10.29.23
11,card,35.76,Latte,Morning,Tue,Nov,2,11,19-11-2024,11.07.09
16,card,35.76,Cocoa,Afternoon,Tue,Nov,2,11,19-11-2024,16.22.40
16,card,35.76,Cocoa,Afternoon,Tue,Nov,2,11,19-11-2024,16.23.59
16,card,35.76,Cappuccino,Afternoon,Tue,Nov,2,11,19-11-2024,16.41.03
16,card,35.76,Cappuccino,Afternoon,Tue,Nov,2,11,19-11-2024,16.47.41
13,card,30.86,Americano with Milk,Afternoon,Wed,Nov,3,11,20-11-2024,13.29.38
16,card,35.76,Latte,Afternoon,Wed,Nov,3,11,20-11-2024,16.34.50
17,card,35.76,Cappuccino,Night,Wed,Nov,3,11,20-11-2024,17.49.51
17,card,35.76,Hot Chocolate,Night,Wed,Nov,3,11,20-11-2024,17.50.49
11,card,25.96,Cortado,Morning,Thu,Nov,4,11,21-11-2024,11.06.11
12,card,35.76,Latte,Afternoon,Thu,Nov,4,11,21-11-2024,12.33.36
12,card,35.76,Cocoa,Afternoon,Thu,Nov,4,11,21-11-2024,12.59.45
13,card,35.76,Cocoa,Afternoon,Thu,Nov,4,11,21-11-2024,13.00.47
16,card,35.76,Latte,Afternoon,Thu,Nov,4,11,21-11-2024,16.14.13
17,card,30.86,Americano with Milk,Night,Thu,Nov,4,11,21-11-2024,17.35.27
17,card,25.96,Cortado,Night,Thu,Nov,4,11,21-11-2024,17.39.22
19,card,35.76,Hot Chocolate,Night,Thu,Nov,4,11,21-11-2024,19.01.02
7,card,35.76,Latte,Morning,Fri,Nov,5,11,22-11-2024,7.50.36
10,card,35.76,Cappuccino,Morning,Fri,Nov,5,11,22-11-2024,10.03.42
11,card,35.76,Latte,Morning,Fri,Nov,5,11,22-11-2024,11.02.32
11,card,35.76,Cocoa,Morning,Fri,Nov,5,11,22-11-2024,11.24.26
16,card,35.76,Hot Chocolate,Afternoon,Fri,Nov,5,11,22-11-2024,16.33.05
16,card,35.76,Latte,Afternoon,Fri,Nov,5,11,22-11-2024,16.33.49
9,card,25.96,Cortado,Morning,Sat,Nov,6,11,23-11-2024,9.10.46
9,card,25.96,Cortado,Morning,Sat,Nov,6,11,23-11-2024,9.11.48
10,card,35.76,Latte,Morning,Sat,Nov,6,11,23-11-2024,10.05.15
11,card,35.76,Cappuccino,Morning,Sat,Nov,6,11,23-11-2024,11.02.59
11,card,25.96,Americano,Morning,Sat,Nov,6,11,23-11-2024,11.09.28
11,card,25.96,Americano,Morning,Sat,Nov,6,11,23-11-2024,11.10.25
11,card,35.76,Hot Chocolate,Morning,Sat,Nov,6,11,23-11-2024,11.41.27
22,card,35.76,Latte,Night,Sat,Nov,6,11,23-11-2024,22.37.04
8,card,35.76,Latte,Morning,Sun,Nov,7,11,24-11-2024,8.17.07
7,card,35.76,Cappuccino,Morning,Mon,Nov,1,11,25-11-2024,7.49.17
7,card,35.76,Latte,Morning,Mon,Nov,1,11,25-11-2024,7.54.23
9,card,30.86,Americano with Milk,Morning,Mon,Nov,1,11,25-11-2024,9.12.20
10,card,25.96,Cortado,Morning,Mon,Nov,1,11,25-11-2024,10.38.08
12,card,35.76,Latte,Afternoon,Mon,Nov,1,11,25-11-2024,12.50.58
12,card,35.76,Latte,Afternoon,Mon,Nov,1,11,25-11-2024,12.52.41
16,card,35.76,Hot Chocolate,Afternoon,Mon,Nov,1,11,25-11-2024,16.30.56
19,card,30.86,Americano with Milk,Night,Mon,Nov,1,11,25-11-2024,19.01.59
19,card,35.76,Hot Chocolate,Night,Mon,Nov,1,11,25-11-2024,19.37.58
21,card,35.76,Hot Chocolate,Night,Mon,Nov,1,11,25-11-2024,21.42.15
21,card,35.76,Cappuccino,Night,Mon,Nov,1,11,25-11-2024,21.43.00
7,card,35.76,Latte,Morning,Tue,Nov,2,11,26-11-2024,7.54.37
11,card,35.76,Cocoa,Morning,Tue,Nov,2,11,26-11-2024,11.02.56
11,card,25.96,Americano,Morning,Tue,Nov,2,11,26-11-2024,11.03.47
11,card,35.76,Cocoa,Morning,Tue,Nov,2,11,26-11-2024,11.06.09
11,card,35.76,Cocoa,Morning,Tue,Nov,2,11,26-11-2024,11.07.09
16,card,35.76,Latte,Afternoon,Tue,Nov,2,11,26-11-2024,16.03.54
16,card,35.76,Latte,Afternoon,Tue,Nov,2,11,26-11-2024,16.05.00
17,card,25.96,Americano,Night,Tue,Nov,2,11,26-11-2024,17.11.37
17,card,30.86,Americano with Milk,Night,Tue,Nov,2,11,26-11-2024,17.12.34
19,card,35.76,Cocoa,Night,Tue,Nov,2,11,26-11-2024,19.47.24
8,card,35.76,Cappuccino,Morning,Thu,Nov,4,11,28-11-2024,8.41.16
9,card,30.86,Americano with Milk,Morning,Thu,Nov,4,11,28-11-2024,9.14.00
20,card,30.86,Americano with Milk,Night,Thu,Nov,4,11,28-11-2024,20.24.42
20,card,35.76,Latte,Night,Thu,Nov,4,11,28-11-2024,20.25.45
20,card,35.76,Latte,Night,Thu,Nov,4,11,28-11-2024,20.54.59
22,card,35.76,Cappuccino,Night,Thu,Nov,4,11,28-11-2024,22.00.15
7,card,35.76,Cocoa,Morning,Fri,Nov,5,11,29-11-2024,7.53.15
7,card,35.76,Latte,Morning,Fri,Nov,5,11,29-11-2024,7.57.42
9,card,30.86,Americano with Milk,Morning,Fri,Nov,5,11,29-11-2024,9.07.31
9,card,30.86,Americano with Milk,Morning,Fri,Nov,5,11,29-11-2024,9.08.30
15,card,30.86,Americano with Milk,Afternoon,Fri,Nov,5,11,29-11-2024,15.18.06
15,card,35.76,Latte,Afternoon,Fri,Nov,5,11,29-11-2024,15.19.20
20,card,35.76,Cocoa,Night,Fri,Nov,5,11,29-11-2024,20.57.54
12,card,35.76,Cocoa,Afternoon,Sat,Nov,6,11,30-11-2024,12.58.12
14,card,25.96,Americano,Afternoon,Sat,Nov,6,11,30-11-2024,14.04.55
14,card,35.76,Hot Chocolate,Afternoon,Sat,Nov,6,11,30-11-2024,14.05.58
14,card,35.76,Cocoa,Afternoon,Sat,Nov,6,11,30-11-2024,14.16.52
15,card,30.86,Americano with Milk,Afternoon,Sat,Nov,6,11,30-11-2024,15.33.44
22,card,30.86,Americano with Milk,Night,Sat,Nov,6,11,30-11-2024,22.03.48
10,card,30.86,Americano with Milk,Morning,Sun,Dec,7,12,01-12-2024,10.15.31
10,card,30.86,Americano with Milk,Morning,Sun,Dec,7,12,01-12-2024,10.16.31
10,card,30.86,Americano with Milk,Morning,Sun,Dec,7,12,01-12-2024,10.22.46
14,card,30.86,Americano with Milk,Afternoon,Sun,Dec,7,12,01-12-2024,14.34.22
15,card,35.76,Cocoa,Afternoon,Sun,Dec,7,12,01-12-2024,15.09.12
15,card,35.76,Cocoa,Afternoon,Sun,Dec,7,12,01-12-2024,15.09.56
15,card,35.76,Cappuccino,Afternoon,Sun,Dec,7,12,01-12-2024,15.43.02
15,card,35.76,Latte,Afternoon,Sun,Dec,7,12,01-12-2024,15.56.31
15,card,35.76,Latte,Afternoon,Sun,Dec,7,12,01-12-2024,15.57.49
16,card,35.76,Latte,Afternoon,Sun,Dec,7,12,01-12-2024,16.32.59
16,card,35.76,Latte,Afternoon,Sun,Dec,7,12,01-12-2024,16.34.30
17,card,30.86,Americano with Milk,Night,Sun,Dec,7,12,01-12-2024,17.10.23
17,card,30.86,Americano with Milk,Night,Sun,Dec,7,12,01-12-2024,17.11.32
18,card,30.86,Americano with Milk,Night,Sun,Dec,7,12,01-12-2024,18.38.28
7,card,35.76,Latte,Morning,Mon,Dec,1,12,02-12-2024,7.50.36
7,card,25.96,Americano,Morning,Mon,Dec,1,12,02-12-2024,7.51.59
8,card,30.86,Americano with Milk,Morning,Mon,Dec,1,12,02-12-2024,8.21.29
8,card,35.76,Cocoa,Morning,Mon,Dec,1,12,02-12-2024,8.53.14
11,card,25.96,Cortado,Morning,Mon,Dec,1,12,02-12-2024,11.04.25
15,card,21.06,Espresso,Afternoon,Mon,Dec,1,12,02-12-2024,15.28.23
16,card,35.76,Cappuccino,Afternoon,Mon,Dec,1,12,02-12-2024,16.12.23
17,card,25.96,Americano,Night,Mon,Dec,1,12,02-12-2024,17.34.21
18,card,35.76,Cappuccino,Night,Mon,Dec,1,12,02-12-2024,18.00.32
8,card,35.76,Latte,Morning,Tue,Dec,2,12,03-12-2024,8.11.19
9,card,30.86,Americano with Milk,Morning,Tue,Dec,2,12,03-12-2024,9.23.30
9,card,30.86,Americano with Milk,Morning,Tue,Dec,2,12,03-12-2024,9.24.27
11,card,25.96,Americano,Morning,Tue,Dec,2,12,03-12-2024,11.17.58
11,card,30.86,Americano with Milk,Morning,Tue,Dec,2,12,03-12-2024,11.42.07
11,card,30.86,Americano with Milk,Morning,Tue,Dec,2,12,03-12-2024,11.43.15
11,card,30.86,Americano with Milk,Morning,Tue,Dec,2,12,03-12-2024,11.45.54
20,card,35.76,Cocoa,Night,Tue,Dec,2,12,03-12-2024,20.50.55
21,card,35.76,Latte,Night,Tue,Dec,2,12,03-12-2024,21.33.16
21,card,35.76,Cappuccino,Night,Tue,Dec,2,12,03-12-2024,21.34.13
21,card,35.76,Hot Chocolate,Night,Tue,Dec,2,12,03-12-2024,21.35.18
22,card,30.86,Americano with Milk,Night,Tue,Dec,2,12,03-12-2024,22.19.13
22,card,35.76,Cappuccino,Night,Tue,Dec,2,12,03-12-2024,22.21.42
8,card,25.96,Cortado,Morning,Wed,Dec,3,12,04-12-2024,8.32.47
8,card,35.76,Latte,Morning,Wed,Dec,3,12,04-12-2024,8.50.30
8,card,35.76,Latte,Morning,Wed,Dec,3,12,04-12-2024,8.52.15
9,card,25.96,Americano,Morning,Wed,Dec,3,12,04-12-2024,9.04.14
10,card,30.86,Americano with Milk,Morning,Wed,Dec,3,12,04-12-2024,10.23.01
10,card,30.86,Americano with Milk,Morning,Wed,Dec,3,12,04-12-2024,10.24.07
10,card,30.86,Americano with Milk,Morning,Wed,Dec,3,12,04-12-2024,10.26.57
10,card,35.76,Hot Chocolate,Morning,Wed,Dec,3,12,04-12-2024,10.29.47
11,card,30.86,Americano with Milk,Morning,Wed,Dec,3,12,04-12-2024,11.45.57
14,card,35.76,Hot Chocolate,Afternoon,Wed,Dec,3,12,04-12-2024,14.33.54
8,card,25.96,Americano,Morning,Thu,Dec,4,12,05-12-2024,8.53.48
9,card,25.96,Cortado,Morning,Thu,Dec,4,12,05-12-2024,9.20.28
10,card,30.86,Americano with Milk,Morning,Thu,Dec,4,12,05-12-2024,10.02.51
10,card,30.86,Americano with Milk,Morning,Thu,Dec,4,12,05-12-2024,10.05.05
11,card,35.76,Latte,Morning,Thu,Dec,4,12,05-12-2024,11.31.58
11,card,25.96,Americano,Morning,Thu,Dec,4,12,05-12-2024,11.50.44
14,card,35.76,Cappuccino,Afternoon,Thu,Dec,4,12,05-12-2024,14.30.58
15,card,35.76,Latte,Afternoon,Thu,Dec,4,12,05-12-2024,15.21.19
16,card,35.76,Latte,Afternoon,Thu,Dec,4,12,05-12-2024,16.02.10
11,card,35.76,Latte,Morning,Fri,Dec,5,12,06-12-2024,11.42.18
16,card,35.76,Hot Chocolate,Afternoon,Fri,Dec,5,12,06-12-2024,16.31.58
22,card,35.76,Latte,Night,Fri,Dec,5,12,06-12-2024,22.30.33
22,card,35.76,Hot Chocolate,Night,Fri,Dec,5,12,06-12-2024,22.31.30
11,card,30.86,Americano with Milk,Morning,Sat,Dec,6,12,07-12-2024,11.17.10
14,card,25.96,Americano,Afternoon,Sat,Dec,6,12,07-12-2024,14.16.42
15,card,35.76,Latte,Afternoon,Sat,Dec,6,12,07-12-2024,15.44.04
19,card,35.76,Cappuccino,Night,Sat,Dec,6,12,07-12-2024,19.11.13
22,card,30.86,Americano with Milk,Night,Sat,Dec,6,12,07-12-2024,22.00.09
22,card,25.96,Americano,Night,Sat,Dec,6,12,07-12-2024,22.28.17
8,card,25.96,Cortado,Morning,Sun,Dec,7,12,08-12-2024,8.29.25
10,card,35.76,Latte,Morning,Sun,Dec,7,12,08-12-2024,10.42.38
10,card,35.76,Cappuccino,Morning,Sun,Dec,7,12,08-12-2024,10.43.42
12,card,25.96,Cortado,Afternoon,Sun,Dec,7,12,08-12-2024,12.51.40
13,card,30.86,Americano with Milk,Afternoon,Sun,Dec,7,12,08-12-2024,13.02.36
13,card,30.86,Americano with Milk,Afternoon,Sun,Dec,7,12,08-12-2024,13.03.38
17,card,35.76,Cappuccino,Night,Sun,Dec,7,12,08-12-2024,17.26.29
18,card,21.06,Espresso,Night,Sun,Dec,7,12,08-12-2024,18.41.48
20,card,35.76,Cappuccino,Night,Sun,Dec,7,12,08-12-2024,20.47.18
21,card,30.86,Americano with Milk,Night,Sun,Dec,7,12,08-12-2024,21.28.30
21,card,30.86,Americano with Milk,Night,Sun,Dec,7,12,08-12-2024,21.41.23
8,card,35.76,Cappuccino,Morning,Mon,Dec,1,12,09-12-2024,8.32.40
9,card,25.96,Americano,Morning,Mon,Dec,1,12,09-12-2024,9.12.25
9,card,30.86,Americano with Milk,Morning,Mon,Dec,1,12,09-12-2024,9.33.57
13,card,25.96,Cortado,Afternoon,Mon,Dec,1,12,09-12-2024,13.00.54
21,card,35.76,Cocoa,Night,Mon,Dec,1,12,09-12-2024,21.21.51
12,card,25.96,Cortado,Afternoon,Tue,Dec,2,12,10-12-2024,12.25.49
18,card,35.76,Hot Chocolate,Night,Tue,Dec,2,12,10-12-2024,18.21.57
7,card,35.76,Latte,Morning,Wed,Dec,3,12,11-12-2024,7.49.45
10,card,25.96,Cortado,Morning,Wed,Dec,3,12,11-12-2024,10.45.47
12,card,35.76,Hot Chocolate,Afternoon,Wed,Dec,3,12,11-12-2024,12.13.06
12,card,21.06,Espresso,Afternoon,Wed,Dec,3,12,11-12-2024,12.56.47
17,card,35.76,Cocoa,Night,Wed,Dec,3,12,11-12-2024,17.59.25
21,card,35.76,Latte,Night,Wed,Dec,3,12,11-12-2024,21.01.07
21,card,35.76,Latte,Night,Wed,Dec,3,12,11-12-2024,21.18.17
7,card,30.86,Americano with Milk,Morning,Thu,Dec,4,12,12-12-2024,7.58.31
12,card,25.96,Americano,Afternoon,Thu,Dec,4,12,12-12-2024,12.49.23
16,card,21.06,Espresso,Afternoon,Thu,Dec,4,12,12-12-2024,16.55.02
16,card,21.06,Espresso,Afternoon,Thu,Dec,4,12,12-12-2024,16.55.49
16,card,25.96,Americano,Afternoon,Thu,Dec,4,12,12-12-2024,16.57.01
19,card,35.76,Cocoa,Night,Thu,Dec,4,12,12-12-2024,19.50.00
19,card,35.76,Cocoa,Night,Thu,Dec,4,12,12-12-2024,19.50.57
12,card,25.96,Americano,Afternoon,Fri,Dec,5,12,13-12-2024,12.27.25
12,card,25.96,Americano,Afternoon,Fri,Dec,5,12,13-12-2024,12.53.05
12,card,35.76,Hot Chocolate,Afternoon,Fri,Dec,5,12,13-12-2024,12.54.40
14,card,35.76,Hot Chocolate,Afternoon,Fri,Dec,5,12,13-12-2024,14.01.58
16,card,35.76,Cocoa,Afternoon,Fri,Dec,5,12,13-12-2024,16.23.23
19,card,35.76,Cappuccino,Night,Fri,Dec,5,12,13-12-2024,19.19.03
19,card,35.76,Cappuccino,Night,Fri,Dec,5,12,13-12-2024,19.20.10
21,card,35.76,Latte,Night,Fri,Dec,5,12,13-12-2024,21.35.41
8,card,30.86,Americano with Milk,Morning,Sat,Dec,6,12,14-12-2024,8.27.32
9,card,35.76,Cocoa,Morning,Sat,Dec,6,12,14-12-2024,9.03.05
11,card,35.76,Cappuccino,Morning,Sat,Dec,6,12,14-12-2024,11.41.57
13,card,25.96,Americano,Afternoon,Sat,Dec,6,12,14-12-2024,13.19.07
13,card,35.76,Latte,Afternoon,Sat,Dec,6,12,14-12-2024,13.20.08
16,card,35.76,Cocoa,Afternoon,Sat,Dec,6,12,14-12-2024,16.10.29
16,card,25.96,Americano,Afternoon,Sat,Dec,6,12,14-12-2024,16.29.58
16,card,25.96,Americano,Afternoon,Sat,Dec,6,12,14-12-2024,16.30.49
17,card,25.96,Americano,Night,Sat,Dec,6,12,14-12-2024,17.00.15
17,card,25.96,Americano,Night,Sat,Dec,6,12,14-12-2024,17.01.29
18,card,30.86,Americano with Milk,Night,Sat,Dec,6,12,14-12-2024,18.23.44
11,card,35.76,Latte,Morning,Sun,Dec,7,12,15-12-2024,11.09.24
11,card,35.76,Cocoa,Morning,Sun,Dec,7,12,15-12-2024,11.10.25
17,card,35.76,Hot Chocolate,Night,Sun,Dec,7,12,15-12-2024,17.58.05
7,card,35.76,Latte,Morning,Mon,Dec,1,12,16-12-2024,7.52.18
8,card,35.76,Hot Chocolate,Morning,Mon,Dec,1,12,16-12-2024,8.03.31
8,card,35.76,Cocoa,Morning,Mon,Dec,1,12,16-12-2024,8.46.53
12,card,30.86,Americano with Milk,Afternoon,Mon,Dec,1,12,16-12-2024,12.19.08
13,card,35.76,Latte,Afternoon,Mon,Dec,1,12,16-12-2024,13.08.52
14,card,35.76,Hot Chocolate,Afternoon,Mon,Dec,1,12,16-12-2024,14.13.18
18,card,35.76,Latte,Night,Mon,Dec,1,12,16-12-2024,18.23.07
18,card,30.86,Americano with Milk,Night,Mon,Dec,1,12,16-12-2024,18.24.01
8,card,25.96,Cortado,Morning,Tue,Dec,2,12,17-12-2024,8.48.18
8,card,35.76,Cappuccino,Morning,Tue,Dec,2,12,17-12-2024,8.52.32
10,card,30.86,Americano with Milk,Morning,Tue,Dec,2,12,17-12-2024,10.49.05
16,card,25.96,Americano,Afternoon,Tue,Dec,2,12,17-12-2024,16.22.35
16,card,35.76,Cocoa,Afternoon,Tue,Dec,2,12,17-12-2024,16.23.36
17,card,35.76,Cappuccino,Night,Tue,Dec,2,12,17-12-2024,17.14.22
18,card,35.76,Cocoa,Night,Tue,Dec,2,12,17-12-2024,18.54.57
9,card,35.76,Latte,Morning,Wed,Dec,3,12,18-12-2024,9.30.28
10,card,30.86,Americano with Milk,Morning,Wed,Dec,3,12,18-12-2024,10.01.21
10,card,35.76,Latte,Morning,Wed,Dec,3,12,18-12-2024,10.03.02
10,card,35.76,Cappuccino,Morning,Wed,Dec,3,12,18-12-2024,10.04.03
10,card,35.76,Hot Chocolate,Morning,Thu,Dec,4,12,19-12-2024,10.12.11
11,card,30.86,Americano with Milk,Morning,Thu,Dec,4,12,19-12-2024,11.25.43
12,card,21.06,Espresso,Afternoon,Thu,Dec,4,12,19-12-2024,12.10.52
13,card,35.76,Hot Chocolate,Afternoon,Thu,Dec,4,12,19-12-2024,13.38.56
19,card,35.76,Cappuccino,Night,Thu,Dec,4,12,19-12-2024,19.00.56
19,card,35.76,Cappuccino,Night,Thu,Dec,4,12,19-12-2024,19.10.40
19,card,30.86,Americano with Milk,Night,Thu,Dec,4,12,19-12-2024,19.48.18
19,card,35.76,Hot Chocolate,Night,Thu,Dec,4,12,19-12-2024,19.49.42
21,card,35.76,Latte,Night,Thu,Dec,4,12,19-12-2024,21.08.11
21,card,35.76,Cappuccino,Night,Thu,Dec,4,12,19-12-2024,21.09.15
8,card,25.96,Cortado,Morning,Fri,Dec,5,12,20-12-2024,8.14.51
9,card,30.86,Americano with Milk,Morning,Fri,Dec,5,12,20-12-2024,9.39.29
10,card,35.76,Cappuccino,Morning,Fri,Dec,5,12,20-12-2024,10.12.42
10,card,25.96,Cortado,Morning,Fri,Dec,5,12,20-12-2024,10.55.29
12,card,21.06,Espresso,Afternoon,Fri,Dec,5,12,20-12-2024,12.21.17
12,card,30.86,Americano with Milk,Afternoon,Fri,Dec,5,12,20-12-2024,12.22.49
14,card,25.96,Cortado,Afternoon,Fri,Dec,5,12,20-12-2024,14.58.20
18,card,35.76,Cappuccino,Night,Fri,Dec,5,12,20-12-2024,18.28.22
18,card,35.76,Cappuccino,Night,Fri,Dec,5,12,20-12-2024,18.57.13
10,card,35.76,Cappuccino,Morning,Sat,Dec,6,12,21-12-2024,10.19.23
10,card,35.76,Latte,Morning,Sat,Dec,6,12,21-12-2024,10.20.41
10,card,25.96,Americano,Morning,Sat,Dec,6,12,21-12-2024,10.32.02
15,card,35.76,Hot Chocolate,Afternoon,Sat,Dec,6,12,21-12-2024,15.33.03
15,card,35.76,Latte,Afternoon,Sat,Dec,6,12,21-12-2024,15.33.49
15,card,30.86,Americano with Milk,Afternoon,Sat,Dec,6,12,21-12-2024,15.35.29
15,card,35.76,Latte,Afternoon,Sat,Dec,6,12,21-12-2024,15.58.07
17,card,35.76,Cocoa,Night,Sat,Dec,6,12,21-12-2024,17.47.27
18,card,35.76,Hot Chocolate,Night,Sat,Dec,6,12,21-12-2024,18.02.36
18,card,25.96,Cortado,Night,Sat,Dec,6,12,21-12-2024,18.08.17
19,card,30.86,Americano with Milk,Night,Sat,Dec,6,12,21-12-2024,19.48.13
19,card,25.96,Cortado,Night,Sat,Dec,6,12,21-12-2024,19.49.45
21,card,25.96,Cortado,Night,Sat,Dec,6,12,21-12-2024,21.49.47
21,card,35.76,Latte,Night,Sat,Dec,6,12,21-12-2024,21.58.48
22,card,25.96,Cortado,Night,Sat,Dec,6,12,21-12-2024,22.16.14
10,card,35.76,Cappuccino,Morning,Sun,Dec,7,12,22-12-2024,10.42.56
18,card,35.76,Cappuccino,Night,Sun,Dec,7,12,22-12-2024,18.55.44
19,card,35.76,Hot Chocolate,Night,Sun,Dec,7,12,22-12-2024,19.35.45
19,card,35.76,Hot Chocolate,Night,Sun,Dec,7,12,22-12-2024,19.36.29
20,card,35.76,Hot Chocolate,Night,Sun,Dec,7,12,22-12-2024,20.26.36
21,card,35.76,Cocoa,Night,Sun,Dec,7,12,22-12-2024,21.55.18
21,card,25.96,Cortado,Night,Sun,Dec,7,12,22-12-2024,21.56.56
9,card,25.96,Cortado,Morning,Mon,Dec,1,12,23-12-2024,9.03.21
9,card,30.86,Americano with Milk,Morning,Mon,Dec,1,12,23-12-2024,9.22.17
10,card,30.86,Americano with Milk,Morning,Mon,Dec,1,12,23-12-2024,10.42.03
11,card,35.76,Cappuccino,Morning,Mon,Dec,1,12,23-12-2024,11.35.54
14,card,35.76,Latte,Afternoon,Mon,Dec,1,12,23-12-2024,14.05.31
15,card,30.86,Americano with Milk,Afternoon,Mon,Dec,1,12,23-12-2024,15.00.23
16,card,35.76,Latte,Afternoon,Mon,Dec,1,12,23-12-2024,16.14.50
17,card,25.96,Cortado,Night,Mon,Dec,1,12,23-12-2024,17.21.20
17,card,35.76,Latte,Night,Mon,Dec,1,12,23-12-2024,17.22.40
20,card,25.96,Cortado,Night,Mon,Dec,1,12,23-12-2024,20.46.07
15,card,30.86,Americano with Milk,Afternoon,Tue,Dec,2,12,24-12-2024,15.10.43
16,card,35.76,Hot Chocolate,Afternoon,Tue,Dec,2,12,24-12-2024,16.08.38
17,card,25.96,Cortado,Night,Tue,Dec,2,12,24-12-2024,17.55.28
19,card,35.76,Hot Chocolate,Night,Tue,Dec,2,12,24-12-2024,19.10.36
19,card,35.76,Latte,Night,Tue,Dec,2,12,24-12-2024,19.11.36
19,card,21.06,Espresso,Night,Tue,Dec,2,12,24-12-2024,19.12.34
19,card,35.76,Cappuccino,Night,Tue,Dec,2,12,24-12-2024,19.36.02
10,card,35.76,Latte,Morning,Wed,Dec,3,12,25-12-2024,10.43.56
10,card,35.76,Latte,Morning,Wed,Dec,3,12,25-12-2024,10.45.02
12,card,30.86,Americano with Milk,Afternoon,Wed,Dec,3,12,25-12-2024,12.35.03
12,card,25.96,Americano,Afternoon,Wed,Dec,3,12,25-12-2024,12.36.00
13,card,30.86,Americano with Milk,Afternoon,Wed,Dec,3,12,25-12-2024,13.17.11
13,card,25.96,Americano,Afternoon,Wed,Dec,3,12,25-12-2024,13.32.47
20,card,35.76,Cappuccino,Night,Wed,Dec,3,12,25-12-2024,20.02.40
21,card,35.76,Cocoa,Night,Wed,Dec,3,12,25-12-2024,21.18.49
21,card,35.76,Cocoa,Night,Wed,Dec,3,12,25-12-2024,21.19.42
21,card,35.76,Latte,Night,Wed,Dec,3,12,25-12-2024,21.57.30
22,card,35.76,Cappuccino,Night,Wed,Dec,3,12,25-12-2024,22.51.02
22,card,30.86,Americano with Milk,Night,Wed,Dec,3,12,25-12-2024,22.53.06
13,card,35.76,Cappuccino,Afternoon,Thu,Dec,4,12,26-12-2024,13.12.37
15,card,21.06,Espresso,Afternoon,Thu,Dec,4,12,26-12-2024,15.04.34
7,card,25.96,Americano,Morning,Fri,Dec,5,12,27-12-2024,7.50.20
8,card,25.96,Cortado,Morning,Fri,Dec,5,12,27-12-2024,8.57.38
9,card,25.96,Cortado,Morning,Fri,Dec,5,12,27-12-2024,9.09.55
10,card,30.86,Americano with Milk,Morning,Fri,Dec,5,12,27-12-2024,10.12.53
17,card,35.76,Latte,Night,Fri,Dec,5,12,27-12-2024,17.12.04
19,card,25.96,Americano,Night,Fri,Dec,5,12,27-12-2024,19.47.27
19,card,30.86,Americano with Milk,Night,Fri,Dec,5,12,27-12-2024,19.48.21
22,card,35.76,Cocoa,Night,Fri,Dec,5,12,27-12-2024,22.54.32
9,card,25.96,Cortado,Morning,Sat,Dec,6,12,28-12-2024,9.00.23
9,card,25.96,Cortado,Morning,Sat,Dec,6,12,28-12-2024,9.50.37
10,card,30.86,Americano with Milk,Morning,Sat,Dec,6,12,28-12-2024,10.18.44
10,card,35.76,Latte,Morning,Sat,Dec,6,12,28-12-2024,10.52.03
14,card,35.76,Cappuccino,Afternoon,Sat,Dec,6,12,28-12-2024,14.10.01
14,card,35.76,Hot Chocolate,Afternoon,Sat,Dec,6,12,28-12-2024,14.13.17
17,card,35.76,Latte,Night,Sat,Dec,6,12,28-12-2024,17.23.40
22,card,35.76,Cappuccino,Night,Sat,Dec,6,12,28-12-2024,22.11.01
13,card,25.96,Cortado,Afternoon,Sun,Dec,7,12,29-12-2024,13.46.16
15,card,21.06,Espresso,Afternoon,Sun,Dec,7,12,29-12-2024,15.04.26
15,card,25.96,Americano,Afternoon,Sun,Dec,7,12,29-12-2024,15.05.16
17,card,25.96,Cortado,Night,Sun,Dec,7,12,29-12-2024,17.30.04
17,card,21.06,Espresso,Night,Sun,Dec,7,12,29-12-2024,17.31.46
19,card,25.96,Cortado,Night,Sun,Dec,7,12,29-12-2024,19.47.43
20,card,35.76,Hot Chocolate,Night,Sun,Dec,7,12,29-12-2024,20.25.54
21,card,35.76,Latte,Night,Sun,Dec,7,12,29-12-2024,21.17.19
9,card,25.96,Cortado,Morning,Mon,Dec,1,12,30-12-2024,9.02.44
9,card,30.86,Americano with Milk,Morning,Mon,Dec,1,12,30-12-2024,9.44.11
13,card,35.76,Latte,Afternoon,Mon,Dec,1,12,30-12-2024,13.52.31
13,card,35.76,Hot Chocolate,Afternoon,Mon,Dec,1,12,30-12-2024,13.53.39
15,card,35.76,Latte,Afternoon,Mon,Dec,1,12,30-12-2024,15.12.45
15,card,30.86,Americano with Milk,Afternoon,Mon,Dec,1,12,30-12-2024,15.13.38
16,card,30.86,Americano with Milk,Afternoon,Mon,Dec,1,12,30-12-2024,16.29.53
16,card,25.96,Americano,Afternoon,Mon,Dec,1,12,30-12-2024,16.31.28
16,card,35.76,Cappuccino,Afternoon,Mon,Dec,1,12,30-12-2024,16.36.45
8,card,25.96,Cortado,Morning,Tue,Dec,2,12,31-12-2024,8.52.28
9,card,35.76,Cappuccino,Morning,Tue,Dec,2,12,31-12-2024,9.36.50
9,card,25.96,Cortado,Morning,Tue,Dec,2,12,31-12-2024,9.39.41
9,card,35.76,Cocoa,Morning,Tue,Dec,2,12,31-12-2024,9.45.28
10,card,30.86,Americano with Milk,Morning,Tue,Dec,2,12,31-12-2024,10.26.52
10,card,30.86,Americano with Milk,Morning,Tue,Dec,2,12,31-12-2024,10.29.28
11,card,35.76,Cappuccino,Morning,Tue,Dec,2,12,31-12-2024,11.11.30
11,card,30.86,Americano with Milk,Morning,Tue,Dec,2,12,31-12-2024,11.12.42
15,card,21.06,Espresso,Afternoon,Tue,Dec,2,12,31-12-2024,15.42.14
15,card,25.96,Americano,Afternoon,Tue,Dec,2,12,31-12-2024,15.43.13
16,card,35.76,Cappuccino,Afternoon,Tue,Dec,2,12,31-12-2024,16.07.18
17,card,35.76,Latte,Night,Tue,Dec,2,12,31-12-2024,17.10.17
17,card,30.86,Americano with Milk,Night,Tue,Dec,2,12,31-12-2024,17.30.52
17,card,35.76,Cappuccino,Night,Tue,Dec,2,12,31-12-2024,17.31.48
19,card,35.76,Latte,Night,Tue,Dec,2,12,31-12-2024,19.07.25
19,card,35.76,Hot Chocolate,Night,Tue,Dec,2,12,31-12-2024,19.08.38
9,card,30.86,Americano with Milk,Morning,Thu,Jan,4,1,02-01-2025,9.58.05
13,card,35.76,Cocoa,Afternoon,Thu,Jan,4,1,02-01-2025,13.29.40
13,card,35.76,Cocoa,Afternoon,Thu,Jan,4,1,02-01-2025,13.30.38
14,card,25.96,Cortado,Afternoon,Thu,Jan,4,1,02-01-2025,14.41.10
14,card,25.96,Cortado,Afternoon,Thu,Jan,4,1,02-01-2025,14.42.45
16,card,25.96,Americano,Afternoon,Thu,Jan,4,1,02-01-2025,16.22.32
16,card,35.76,Hot Chocolate,Afternoon,Thu,Jan,4,1,02-01-2025,16.34.59
16,card,30.86,Americano with Milk,Afternoon,Thu,Jan,4,1,02-01-2025,16.35.44
17,card,35.76,Cappuccino,Night,Thu,Jan,4,1,02-01-2025,17.43.10
9,card,25.96,Cortado,Morning,Fri,Jan,5,1,03-01-2025,9.03.22
10,card,30.86,Americano with Milk,Morning,Fri,Jan,5,1,03-01-2025,10.10.30
16,card,30.86,Americano with Milk,Afternoon,Fri,Jan,5,1,03-01-2025,16.58.09
22,card,35.76,Cappuccino,Night,Fri,Jan,5,1,03-01-2025,22.13.28
22,card,25.96,Americano,Night,Fri,Jan,5,1,03-01-2025,22.18.20
22,card,25.96,Americano,Night,Fri,Jan,5,1,03-01-2025,22.19.14
22,card,35.76,Latte,Night,Fri,Jan,5,1,03-01-2025,22.21.25
8,card,25.96,Cortado,Morning,Sat,Jan,6,1,04-01-2025,8.58.26
9,card,25.96,Americano,Morning,Sat,Jan,6,1,04-01-2025,9.59.27
13,card,35.76,Cappuccino,Afternoon,Sat,Jan,6,1,04-01-2025,13.40.00
15,card,35.76,Cocoa,Afternoon,Sat,Jan,6,1,04-01-2025,15.59.33
16,card,30.86,Americano with Milk,Afternoon,Sat,Jan,6,1,04-01-2025,16.12.55
16,card,35.76,Cappuccino,Afternoon,Sat,Jan,6,1,04-01-2025,16.14.10
16,card,35.76,Cappuccino,Afternoon,Sat,Jan,6,1,04-01-2025,16.16.11
16,card,25.96,Cortado,Afternoon,Sat,Jan,6,1,04-01-2025,16.18.04
18,card,25.96,Americano,Night,Sat,Jan,6,1,04-01-2025,18.11.39
22,card,35.76,Latte,Night,Sat,Jan,6,1,04-01-2025,22.23.30
9,card,30.86,Americano with Milk,Morning,Sun,Jan,7,1,05-01-2025,9.45.57
10,card,35.76,Latte,Morning,Sun,Jan,7,1,05-01-2025,10.53.00
22,card,30.86,Americano with Milk,Night,Sun,Jan,7,1,05-01-2025,22.07.16
19,card,25.96,Americano,Night,Mon,Jan,1,1,06-01-2025,19.58.50
13,card,35.76,Cappuccino,Afternoon,Tue,Jan,2,1,07-01-2025,13.29.02
22,card,35.76,Cocoa,Night,Tue,Jan,2,1,07-01-2025,22.32.45
22,card,35.76,Cocoa,Night,Tue,Jan,2,1,07-01-2025,22.33.58
7,card,30.86,Americano with Milk,Morning,Wed,Jan,3,1,08-01-2025,7.30.02
9,card,35.76,Latte,Morning,Wed,Jan,3,1,08-01-2025,9.11.15
10,card,25.96,Cortado,Morning,Wed,Jan,3,1,08-01-2025,10.30.28
17,card,35.76,Cappuccino,Night,Wed,Jan,3,1,08-01-2025,17.22.51
8,card,25.96,Americano,Morning,Thu,Jan,4,1,09-01-2025,8.07.07
8,card,35.76,Latte,Morning,Thu,Jan,4,1,09-01-2025,8.56.34
9,card,30.86,Americano with Milk,Morning,Thu,Jan,4,1,09-01-2025,9.02.31
14,card,21.06,Espresso,Afternoon,Thu,Jan,4,1,09-01-2025,14.27.23
15,card,35.76,Latte,Afternoon,Thu,Jan,4,1,09-01-2025,15.36.58
15,card,30.86,Americano with Milk,Afternoon,Thu,Jan,4,1,09-01-2025,15.48.10
15,card,25.96,Cortado,Afternoon,Thu,Jan,4,1,09-01-2025,15.49.11
20,card,30.86,Americano with Milk,Night,Thu,Jan,4,1,09-01-2025,20.30.29
22,card,35.76,Latte,Night,Thu,Jan,4,1,09-01-2025,22.10.20
8,card,30.86,Americano with Milk,Morning,Fri,Jan,5,1,10-01-2025,8.49.20
9,card,30.86,Americano with Milk,Morning,Fri,Jan,5,1,10-01-2025,9.16.36
17,card,35.76,Cappuccino,Night,Fri,Jan,5,1,10-01-2025,17.51.18
17,card,35.76,Hot Chocolate,Night,Fri,Jan,5,1,10-01-2025,17.55.53
17,card,30.86,Americano with Milk,Night,Fri,Jan,5,1,10-01-2025,17.59.39
7,card,30.86,Americano with Milk,Morning,Sat,Jan,6,1,11-01-2025,7.44.30
10,card,35.76,Hot Chocolate,Morning,Sat,Jan,6,1,11-01-2025,10.49.41
11,card,25.96,Americano,Morning,Sat,Jan,6,1,11-01-2025,11.13.53
11,card,35.76,Latte,Morning,Sat,Jan,6,1,11-01-2025,11.20.17
11,card,35.76,Latte,Morning,Sat,Jan,6,1,11-01-2025,11.21.25
12,card,35.76,Latte,Afternoon,Sat,Jan,6,1,11-01-2025,12.10.58
12,card,35.76,Latte,Afternoon,Sat,Jan,6,1,11-01-2025,12.13.24
14,card,30.86,Americano with Milk,Afternoon,Sat,Jan,6,1,11-01-2025,14.12.54
14,card,30.86,Americano with Milk,Afternoon,Sat,Jan,6,1,11-01-2025,14.15.38
14,card,35.76,Cappuccino,Afternoon,Sat,Jan,6,1,11-01-2025,14.16.43
14,card,35.76,Latte,Afternoon,Sat,Jan,6,1,11-01-2025,14.47.02
17,card,25.96,Cortado,Night,Sat,Jan,6,1,11-01-2025,17.19.33
17,card,35.76,Latte,Night,Sat,Jan,6,1,11-01-2025,17.20.56
17,card,25.96,Cortado,Night,Sat,Jan,6,1,11-01-2025,17.22.05
18,card,30.86,Americano with Milk,Night,Sat,Jan,6,1,11-01-2025,18.01.28
11,card,30.86,Americano with Milk,Morning,Sun,Jan,7,1,12-01-2025,11.45.32
11,card,25.96,Americano,Morning,Sun,Jan,7,1,12-01-2025,11.48.18
11,card,30.86,Americano with Milk,Morning,Sun,Jan,7,1,12-01-2025,11.49.50
16,card,35.76,Hot Chocolate,Afternoon,Sun,Jan,7,1,12-01-2025,16.15.58
20,card,30.86,Americano with Milk,Night,Sun,Jan,7,1,12-01-2025,20.56.04
8,card,30.86,Americano with Milk,Morning,Mon,Jan,1,1,13-01-2025,8.08.20
9,card,30.86,Americano with Milk,Morning,Mon,Jan,1,1,13-01-2025,9.17.19
13,card,25.96,Cortado,Afternoon,Mon,Jan,1,1,13-01-2025,13.02.56
13,card,35.76,Latte,Afternoon,Mon,Jan,1,1,13-01-2025,13.50.46
14,card,35.76,Latte,Afternoon,Mon,Jan,1,1,13-01-2025,14.11.27
14,card,35.76,Cappuccino,Afternoon,Mon,Jan,1,1,13-01-2025,14.12.28
16,card,35.76,Latte,Afternoon,Mon,Jan,1,1,13-01-2025,16.25.36
20,card,21.06,Espresso,Night,Mon,Jan,1,1,13-01-2025,20.51.18
7,card,35.76,Latte,Morning,Tue,Jan,2,1,14-01-2025,7.37.42
9,card,25.96,Cortado,Morning,Tue,Jan,2,1,14-01-2025,9.53.42
10,card,30.86,Americano with Milk,Morning,Tue,Jan,2,1,14-01-2025,10.21.45
12,card,35.76,Latte,Afternoon,Tue,Jan,2,1,14-01-2025,12.49.14
16,card,30.86,Americano with Milk,Afternoon,Tue,Jan,2,1,14-01-2025,16.18.19
16,card,30.86,Americano with Milk,Afternoon,Tue,Jan,2,1,14-01-2025,16.19.26
19,card,35.76,Cappuccino,Night,Tue,Jan,2,1,14-01-2025,19.41.55
21,card,35.76,Latte,Night,Tue,Jan,2,1,14-01-2025,21.02.35
9,card,30.86,Americano with Milk,Morning,Wed,Jan,3,1,15-01-2025,9.12.04
11,card,25.96,Americano,Morning,Wed,Jan,3,1,15-01-2025,11.10.23
13,card,35.76,Cappuccino,Afternoon,Wed,Jan,3,1,15-01-2025,13.14.14
15,card,35.76,Latte,Afternoon,Wed,Jan,3,1,15-01-2025,15.35.21
15,card,35.76,Cappuccino,Afternoon,Wed,Jan,3,1,15-01-2025,15.36.47
15,card,35.76,Latte,Afternoon,Wed,Jan,3,1,15-01-2025,15.37.55
16,card,35.76,Latte,Afternoon,Wed,Jan,3,1,15-01-2025,16.55.26
18,card,35.76,Latte,Night,Wed,Jan,3,1,15-01-2025,18.06.12
19,card,35.76,Latte,Night,Wed,Jan,3,1,15-01-2025,19.51.14
21,card,35.76,Cappuccino,Night,Wed,Jan,3,1,15-01-2025,21.41.14
9,card,35.76,Latte,Morning,Thu,Jan,4,1,16-01-2025,9.32.57
9,card,30.86,Americano with Milk,Morning,Thu,Jan,4,1,16-01-2025,9.38.09
10,card,30.86,Americano with Milk,Morning,Thu,Jan,4,1,16-01-2025,10.41.40
12,card,25.96,Cortado,Afternoon,Thu,Jan,4,1,16-01-2025,12.12.16
15,card,35.76,Latte,Afternoon,Thu,Jan,4,1,16-01-2025,15.16.19
16,card,35.76,Latte,Afternoon,Thu,Jan,4,1,16-01-2025,16.35.11
18,card,35.76,Cappuccino,Night,Thu,Jan,4,1,16-01-2025,18.15.57
21,card,35.76,Hot Chocolate,Night,Thu,Jan,4,1,16-01-2025,21.15.59
21,card,35.76,Hot Chocolate,Night,Thu,Jan,4,1,16-01-2025,21.16.59
21,card,25.96,Cortado,Night,Thu,Jan,4,1,16-01-2025,21.40.12
7,card,35.76,Cocoa,Morning,Fri,Jan,5,1,17-01-2025,7.38.19
8,card,35.76,Latte,Morning,Fri,Jan,5,1,17-01-2025,8.26.20
8,card,35.76,Cappuccino,Morning,Fri,Jan,5,1,17-01-2025,8.27.48
8,card,30.86,Americano with Milk,Morning,Fri,Jan,5,1,17-01-2025,8.47.56
9,card,30.86,Americano with Milk,Morning,Fri,Jan,5,1,17-01-2025,9.27.38
14,card,35.76,Cocoa,Afternoon,Fri,Jan,5,1,17-01-2025,14.20.53
14,card,35.76,Cocoa,Afternoon,Fri,Jan,5,1,17-01-2025,14.22.02
17,card,35.76,Hot Chocolate,Night,Fri,Jan,5,1,17-01-2025,17.39.10
21,card,35.76,Hot Chocolate,Night,Fri,Jan,5,1,17-01-2025,21.22.18
10,card,30.86,Americano with Milk,Morning,Sat,Jan,6,1,18-01-2025,10.12.38
16,card,35.76,Hot Chocolate,Afternoon,Sat,Jan,6,1,18-01-2025,16.33.40
16,card,35.76,Latte,Afternoon,Sat,Jan,6,1,18-01-2025,16.35.14
16,card,35.76,Hot Chocolate,Afternoon,Sat,Jan,6,1,18-01-2025,16.36.28
8,card,30.86,Americano with Milk,Morning,Mon,Jan,1,1,20-01-2025,8.29.47
10,card,30.86,Americano with Milk,Morning,Mon,Jan,1,1,20-01-2025,10.57.25
11,card,25.96,Cortado,Morning,Mon,Jan,1,1,20-01-2025,11.40.24
12,card,25.96,Americano,Afternoon,Mon,Jan,1,1,20-01-2025,12.04.49
12,card,25.96,Cortado,Afternoon,Mon,Jan,1,1,20-01-2025,12.06.00
13,card,30.86,Americano with Milk,Afternoon,Mon,Jan,1,1,20-01-2025,13.45.14
20,card,35.76,Hot Chocolate,Night,Mon,Jan,1,1,20-01-2025,20.08.11
20,card,35.76,Cappuccino,Night,Mon,Jan,1,1,20-01-2025,20.26.24
20,card,35.76,Cappuccino,Night,Mon,Jan,1,1,20-01-2025,20.27.28
21,card,35.76,Latte,Night,Mon,Jan,1,1,20-01-2025,21.13.45
8,card,35.76,Cocoa,Morning,Tue,Jan,2,1,21-01-2025,8.05.04
8,card,25.96,Cortado,Morning,Tue,Jan,2,1,21-01-2025,8.18.19
8,card,30.86,Americano with Milk,Morning,Tue,Jan,2,1,21-01-2025,8.19.28
15,card,25.96,Americano,Afternoon,Tue,Jan,2,1,21-01-2025,15.35.16
18,card,35.76,Hot Chocolate,Night,Tue,Jan,2,1,21-01-2025,18.32.32
18,card,35.76,Latte,Night,Tue,Jan,2,1,21-01-2025,18.54.13
18,card,35.76,Latte,Night,Tue,Jan,2,1,21-01-2025,18.56.15
19,card,25.96,Americano,Night,Tue,Jan,2,1,21-01-2025,19.15.21
11,card,21.06,Espresso,Morning,Wed,Jan,3,1,22-01-2025,11.24.45
17,card,30.86,Americano with Milk,Night,Wed,Jan,3,1,22-01-2025,17.32.06
18,card,35.76,Cocoa,Night,Wed,Jan,3,1,22-01-2025,18.49.59
19,card,30.86,Americano with Milk,Night,Wed,Jan,3,1,22-01-2025,19.10.26
19,card,35.76,Cappuccino,Night,Wed,Jan,3,1,22-01-2025,19.11.23
19,card,35.76,Latte,Night,Wed,Jan,3,1,22-01-2025,19.29.15
20,card,30.86,Americano with Milk,Night,Wed,Jan,3,1,22-01-2025,20.14.30
13,card,35.76,Cappuccino,Afternoon,Fri,Jan,5,1,24-01-2025,13.42.16
13,card,25.96,Cortado,Afternoon,Fri,Jan,5,1,24-01-2025,13.43.37
15,card,35.76,Cocoa,Afternoon,Fri,Jan,5,1,24-01-2025,15.28.38
17,card,25.96,Americano,Night,Fri,Jan,5,1,24-01-2025,17.41.49
21,card,35.76,Cocoa,Night,Fri,Jan,5,1,24-01-2025,21.16.26
22,card,35.76,Hot Chocolate,Night,Fri,Jan,5,1,24-01-2025,22.31.55
22,card,35.76,Latte,Night,Fri,Jan,5,1,24-01-2025,22.32.57
13,card,35.76,Cappuccino,Afternoon,Sat,Jan,6,1,25-01-2025,13.21.04
14,card,35.76,Cappuccino,Afternoon,Sat,Jan,6,1,25-01-2025,14.38.24
14,card,25.96,Americano,Afternoon,Sat,Jan,6,1,25-01-2025,14.39.35
12,card,25.96,Americano,Afternoon,Sun,Jan,7,1,26-01-2025,12.35.22
12,card,21.06,Espresso,Afternoon,Sun,Jan,7,1,26-01-2025,12.36.34
8,card,25.96,Cortado,Morning,Mon,Jan,1,1,27-01-2025,8.07.42
8,card,25.96,Americano,Morning,Mon,Jan,1,1,27-01-2025,8.32.43
12,card,35.76,Cappuccino,Afternoon,Mon,Jan,1,1,27-01-2025,12.05.02
13,card,30.86,Americano with Milk,Afternoon,Mon,Jan,1,1,27-01-2025,13.45.08
15,card,30.86,Americano with Milk,Afternoon,Mon,Jan,1,1,27-01-2025,15.27.54
15,card,25.96,Cortado,Afternoon,Mon,Jan,1,1,27-01-2025,15.29.00
15,card,30.86,Americano with Milk,Afternoon,Mon,Jan,1,1,27-01-2025,15.30.12
18,card,35.76,Latte,Night,Mon,Jan,1,1,27-01-2025,18.55.19
19,card,35.76,Latte,Night,Mon,Jan,1,1,27-01-2025,19.02.40
19,card,35.76,Latte,Night,Mon,Jan,1,1,27-01-2025,19.03.45
8,card,35.76,Latte,Morning,Tue,Jan,2,1,28-01-2025,8.26.36
9,card,25.96,Americano,Morning,Tue,Jan,2,1,28-01-2025,9.33.17
11,card,30.86,Americano with Milk,Morning,Tue,Jan,2,1,28-01-2025,11.56.26
12,card,25.96,Americano,Afternoon,Tue,Jan,2,1,28-01-2025,12.22.01
16,card,35.76,Cocoa,Afternoon,Tue,Jan,2,1,28-01-2025,16.19.07
16,card,25.96,Cortado,Afternoon,Tue,Jan,2,1,28-01-2025,16.20.44
17,card,25.96,Americano,Night,Tue,Jan,2,1,28-01-2025,17.40.00
20,card,35.76,Latte,Night,Tue,Jan,2,1,28-01-2025,20.11.50
20,card,35.76,Cappuccino,Night,Tue,Jan,2,1,28-01-2025,20.13.45
9,card,25.96,Americano,Morning,Wed,Jan,3,1,29-01-2025,9.38.47
16,card,25.96,Americano,Afternoon,Wed,Jan,3,1,29-01-2025,16.25.36
19,card,30.86,Americano with Milk,Night,Wed,Jan,3,1,29-01-2025,19.19.08
19,card,21.06,Espresso,Night,Wed,Jan,3,1,29-01-2025,19.20.34
9,card,30.86,Americano with Milk,Morning,Thu,Jan,4,1,30-01-2025,9.18.05
10,card,30.86,Americano with Milk,Morning,Thu,Jan,4,1,30-01-2025,10.12.33
11,card,25.96,Cortado,Morning,Thu,Jan,4,1,30-01-2025,11.26.29
12,card,35.76,Hot Chocolate,Afternoon,Thu,Jan,4,1,30-01-2025,12.42.15
13,card,25.96,Americano,Afternoon,Thu,Jan,4,1,30-01-2025,13.02.00
14,card,30.86,Americano with Milk,Afternoon,Thu,Jan,4,1,30-01-2025,14.41.42
17,card,35.76,Hot Chocolate,Night,Thu,Jan,4,1,30-01-2025,17.18.48
18,card,30.86,Americano with Milk,Night,Thu,Jan,4,1,30-01-2025,18.24.06
18,card,25.96,Cortado,Night,Thu,Jan,4,1,30-01-2025,18.41.49
8,card,25.96,Americano,Morning,Fri,Jan,5,1,31-01-2025,8.40.51
8,card,30.86,Americano with Milk,Morning,Fri,Jan,5,1,31-01-2025,8.41.44
9,card,30.86,Americano with Milk,Morning,Fri,Jan,5,1,31-01-2025,9.17.14
9,card,35.76,Cocoa,Morning,Fri,Jan,5,1,31-01-2025,9.20.10
9,card,35.76,Cappuccino,Morning,Fri,Jan,5,1,31-01-2025,9.26.46
9,card,35.76,Cappuccino,Morning,Fri,Jan,5,1,31-01-2025,9.27.47
12,card,35.76,Latte,Afternoon,Fri,Jan,5,1,31-01-2025,12.31.01
12,card,35.76,Latte,Afternoon,Fri,Jan,5,1,31-01-2025,12.54.25
14,card,35.76,Cappuccino,Afternoon,Fri,Jan,5,1,31-01-2025,14.02.58
16,card,30.86,Americano with Milk,Afternoon,Fri,Jan,5,1,31-01-2025,16.48.33
22,card,30.86,Americano with Milk,Night,Fri,Jan,5,1,31-01-2025,22.35.58
22,card,25.96,Americano,Night,Fri,Jan,5,1,31-01-2025,22.37.02
8,card,30.86,Americano with Milk,Morning,Sat,Feb,6,2,01-02-2025,8.50.23
10,card,30.86,Americano with Milk,Morning,Sat,Feb,6,2,01-02-2025,10.07.22
13,card,25.96,Cortado,Afternoon,Sat,Feb,6,2,01-02-2025,13.14.46
13,card,25.96,Cortado,Afternoon,Sat,Feb,6,2,01-02-2025,13.15.29
14,card,35.76,Cappuccino,Afternoon,Sat,Feb,6,2,01-02-2025,14.35.18
14,card,35.76,Cappuccino,Afternoon,Sat,Feb,6,2,01-02-2025,14.36.16
15,card,35.76,Latte,Afternoon,Sat,Feb,6,2,01-02-2025,15.49.58
18,card,35.76,Cappuccino,Night,Sat,Feb,6,2,01-02-2025,18.57.14
19,card,30.86,Americano with Milk,Night,Sat,Feb,6,2,01-02-2025,19.53.15
19,card,30.86,Americano with Milk,Night,Sat,Feb,6,2,01-02-2025,19.54.24
21,card,30.86,Americano with Milk,Night,Sat,Feb,6,2,01-02-2025,21.37.01
10,card,35.76,Cappuccino,Morning,Sun,Feb,7,2,02-02-2025,10.56.21
10,card,35.76,Cappuccino,Morning,Sun,Feb,7,2,02-02-2025,10.57.37
12,card,35.76,Latte,Afternoon,Sun,Feb,7,2,02-02-2025,12.54.32
12,card,35.76,Latte,Afternoon,Sun,Feb,7,2,02-02-2025,12.56.04
14,card,30.86,Americano with Milk,Afternoon,Sun,Feb,7,2,02-02-2025,14.22.57
16,card,35.76,Latte,Afternoon,Sun,Feb,7,2,02-02-2025,16.45.07
16,card,35.76,Latte,Afternoon,Sun,Feb,7,2,02-02-2025,16.46.57
7,card,35.76,Cappuccino,Morning,Mon,Feb,1,2,03-02-2025,7.03.24
7,card,30.86,Americano with Milk,Morning,Mon,Feb,1,2,03-02-2025,7.04.56
8,card,21.06,Espresso,Morning,Mon,Feb,1,2,03-02-2025,8.04.03
8,card,30.86,Americano with Milk,Morning,Mon,Feb,1,2,03-02-2025,8.09.08
10,card,25.96,Americano,Morning,Mon,Feb,1,2,03-02-2025,10.15.38
10,card,35.76,Cappuccino,Morning,Mon,Feb,1,2,03-02-2025,10.22.18
10,card,30.86,Americano with Milk,Morning,Mon,Feb,1,2,03-02-2025,10.49.58
13,card,35.76,Cappuccino,Afternoon,Mon,Feb,1,2,03-02-2025,13.25.02
13,card,35.76,Cappuccino,Afternoon,Mon,Feb,1,2,03-02-2025,13.32.53
13,card,25.96,Americano,Afternoon,Mon,Feb,1,2,03-02-2025,13.51.03
14,card,25.96,Americano,Afternoon,Mon,Feb,1,2,03-02-2025,14.06.36
14,card,35.76,Latte,Afternoon,Mon,Feb,1,2,03-02-2025,14.47.02
14,card,35.76,Latte,Afternoon,Mon,Feb,1,2,03-02-2025,14.50.20
15,card,35.76,Latte,Afternoon,Mon,Feb,1,2,03-02-2025,15.01.44
15,card,25.96,Americano,Afternoon,Mon,Feb,1,2,03-02-2025,15.41.27
17,card,35.76,Cocoa,Night,Mon,Feb,1,2,03-02-2025,17.01.26
17,card,30.86,Americano with Milk,Night,Mon,Feb,1,2,03-02-2025,17.09.55
17,card,30.86,Americano with Milk,Night,Mon,Feb,1,2,03-02-2025,17.11.07
17,card,30.86,Americano with Milk,Night,Mon,Feb,1,2,03-02-2025,17.12.05
17,card,35.76,Hot Chocolate,Night,Mon,Feb,1,2,03-02-2025,17.13.21
17,card,35.76,Latte,Night,Mon,Feb,1,2,03-02-2025,17.14.18
17,card,35.76,Hot Chocolate,Night,Mon,Feb,1,2,03-02-2025,17.15.40
17,card,30.86,Americano with Milk,Night,Mon,Feb,1,2,03-02-2025,17.44.17
18,card,25.96,Americano,Night,Mon,Feb,1,2,03-02-2025,18.09.00
20,card,35.76,Cocoa,Night,Mon,Feb,1,2,03-02-2025,20.44.14
10,card,30.86,Americano with Milk,Morning,Tue,Feb,2,2,04-02-2025,10.04.56
10,card,25.96,Americano,Morning,Tue,Feb,2,2,04-02-2025,10.11.31
12,card,30.86,Americano with Milk,Afternoon,Tue,Feb,2,2,04-02-2025,12.35.58
13,card,25.96,Cortado,Afternoon,Tue,Feb,2,2,04-02-2025,13.07.39
14,card,25.96,Americano,Afternoon,Tue,Feb,2,2,04-02-2025,14.15.14
14,card,30.86,Americano with Milk,Afternoon,Tue,Feb,2,2,04-02-2025,14.17.36
14,card,25.96,Americano,Afternoon,Tue,Feb,2,2,04-02-2025,14.19.48
18,card,30.86,Americano with Milk,Night,Tue,Feb,2,2,04-02-2025,18.13.41
19,card,35.76,Cocoa,Night,Tue,Feb,2,2,04-02-2025,19.05.21
19,card,35.76,Cocoa,Night,Tue,Feb,2,2,04-02-2025,19.09.36
19,card,35.76,Cocoa,Night,Tue,Feb,2,2,04-02-2025,19.10.27
19,card,25.96,Cortado,Night,Tue,Feb,2,2,04-02-2025,19.27.27
8,card,30.86,Americano with Milk,Morning,Wed,Feb,3,2,05-02-2025,8.42.10
9,card,30.86,Americano with Milk,Morning,Wed,Feb,3,2,05-02-2025,9.10.43
11,card,25.96,Americano,Morning,Wed,Feb,3,2,05-02-2025,11.49.35
11,card,25.96,Americano,Morning,Wed,Feb,3,2,05-02-2025,11.50.41
11,card,25.96,Americano,Morning,Wed,Feb,3,2,05-02-2025,11.51.45
11,card,30.86,Americano with Milk,Morning,Wed,Feb,3,2,05-02-2025,11.58.36
12,card,25.96,Americano,Afternoon,Wed,Feb,3,2,05-02-2025,12.10.46
13,card,25.96,Americano,Afternoon,Wed,Feb,3,2,05-02-2025,13.20.46
13,card,21.06,Espresso,Afternoon,Wed,Feb,3,2,05-02-2025,13.43.42
13,card,21.06,Espresso,Afternoon,Wed,Feb,3,2,05-02-2025,13.44.29
14,card,35.76,Cappuccino,Afternoon,Wed,Feb,3,2,05-02-2025,14.57.52
15,card,35.76,Cappuccino,Afternoon,Wed,Feb,3,2,05-02-2025,15.50.58
16,card,35.76,Hot Chocolate,Afternoon,Wed,Feb,3,2,05-02-2025,16.34.20
16,card,35.76,Latte,Afternoon,Wed,Feb,3,2,05-02-2025,16.35.33
16,card,35.76,Latte,Afternoon,Wed,Feb,3,2,05-02-2025,16.36.34
16,card,35.76,Cocoa,Afternoon,Wed,Feb,3,2,05-02-2025,16.39.01
16,card,35.76,Hot Chocolate,Afternoon,Wed,Feb,3,2,05-02-2025,16.41.09
18,card,35.76,Cappuccino,Night,Wed,Feb,3,2,05-02-2025,18.18.34
18,card,35.76,Cappuccino,Night,Wed,Feb,3,2,05-02-2025,18.19.49
18,card,35.76,Cocoa,Night,Wed,Feb,3,2,05-02-2025,18.20.51
18,card,30.86,Americano with Milk,Night,Wed,Feb,3,2,05-02-2025,18.25.29
18,card,35.76,Cappuccino,Night,Wed,Feb,3,2,05-02-2025,18.45.42
19,card,35.76,Hot Chocolate,Night,Wed,Feb,3,2,05-02-2025,19.06.46
20,card,35.76,Cocoa,Night,Wed,Feb,3,2,05-02-2025,20.03.20
7,card,30.86,Americano with Milk,Morning,Thu,Feb,4,2,06-02-2025,7.16.48
13,card,25.96,Americano,Afternoon,Thu,Feb,4,2,06-02-2025,13.59.21
14,card,30.86,Americano with Milk,Afternoon,Thu,Feb,4,2,06-02-2025,14.55.31
14,card,35.76,Cappuccino,Afternoon,Thu,Feb,4,2,06-02-2025,14.59.22
16,card,35.76,Cocoa,Afternoon,Thu,Feb,4,2,06-02-2025,16.14.49
17,card,35.76,Cocoa,Night,Thu,Feb,4,2,06-02-2025,17.09.45
17,card,35.76,Cocoa,Night,Thu,Feb,4,2,06-02-2025,17.54.25
19,card,35.76,Cappuccino,Night,Thu,Feb,4,2,06-02-2025,19.53.12
19,card,21.06,Espresso,Night,Thu,Feb,4,2,06-02-2025,19.55.06
20,card,35.76,Cocoa,Night,Thu,Feb,4,2,06-02-2025,20.06.59
20,card,35.76,Cocoa,Night,Thu,Feb,4,2,06-02-2025,20.07.47
20,card,35.76,Latte,Night,Thu,Feb,4,2,06-02-2025,20.23.13
8,card,30.86,Americano with Milk,Morning,Fri,Feb,5,2,07-02-2025,8.44.49
9,card,30.86,Americano with Milk,Morning,Fri,Feb,5,2,07-02-2025,9.07.04
10,card,25.96,Americano,Morning,Fri,Feb,5,2,07-02-2025,10.49.23
12,card,35.76,Cocoa,Afternoon,Fri,Feb,5,2,07-02-2025,12.09.38
12,card,30.86,Americano with Milk,Afternoon,Fri,Feb,5,2,07-02-2025,12.51.22
12,card,25.96,Americano,Afternoon,Fri,Feb,5,2,07-02-2025,12.58.51
16,card,25.96,Cortado,Afternoon,Fri,Feb,5,2,07-02-2025,16.04.10
16,card,35.76,Latte,Afternoon,Fri,Feb,5,2,07-02-2025,16.22.13
16,card,35.76,Hot Chocolate,Afternoon,Fri,Feb,5,2,07-02-2025,16.23.14
16,card,35.76,Latte,Afternoon,Fri,Feb,5,2,07-02-2025,16.24.35
18,card,35.76,Cocoa,Night,Fri,Feb,5,2,07-02-2025,18.42.36
18,card,35.76,Cocoa,Night,Fri,Feb,5,2,07-02-2025,18.43.36
18,card,25.96,Cortado,Night,Fri,Feb,5,2,07-02-2025,18.44.30
18,card,35.76,Cocoa,Night,Fri,Feb,5,2,07-02-2025,18.45.23
20,card,35.76,Cocoa,Night,Fri,Feb,5,2,07-02-2025,20.10.59
20,card,25.96,Cortado,Night,Fri,Feb,5,2,07-02-2025,20.30.56
9,card,25.96,Americano,Morning,Sat,Feb,6,2,08-02-2025,9.01.42
10,card,30.86,Americano with Milk,Morning,Sat,Feb,6,2,08-02-2025,10.56.17
11,card,25.96,Cortado,Morning,Sat,Feb,6,2,08-02-2025,11.02.41
11,card,25.96,Americano,Morning,Sat,Feb,6,2,08-02-2025,11.39.33
12,card,25.96,Americano,Afternoon,Sat,Feb,6,2,08-02-2025,12.46.12
13,card,25.96,Americano,Afternoon,Sat,Feb,6,2,08-02-2025,13.26.47
15,card,25.96,Americano,Afternoon,Sat,Feb,6,2,08-02-2025,15.07.04
15,card,25.96,Americano,Afternoon,Sat,Feb,6,2,08-02-2025,15.08.09
8,card,35.76,Cocoa,Morning,Sun,Feb,7,2,09-02-2025,8.49.24
10,card,30.86,Americano with Milk,Morning,Sun,Feb,7,2,09-02-2025,10.31.09
10,card,25.96,Americano,Morning,Sun,Feb,7,2,09-02-2025,10.51.28
12,card,35.76,Latte,Afternoon,Sun,Feb,7,2,09-02-2025,12.05.05
15,card,35.76,Cocoa,Afternoon,Sun,Feb,7,2,09-02-2025,15.13.09
15,card,35.76,Latte,Afternoon,Sun,Feb,7,2,09-02-2025,15.14.02
15,card,35.76,Hot Chocolate,Afternoon,Sun,Feb,7,2,09-02-2025,15.15.57
15,card,35.76,Cocoa,Afternoon,Sun,Feb,7,2,09-02-2025,15.16.52
16,card,25.96,Cortado,Afternoon,Sun,Feb,7,2,09-02-2025,16.20.18
7,card,25.96,Americano,Morning,Mon,Feb,1,2,10-02-2025,7.01.46
8,card,25.96,Americano,Morning,Mon,Feb,1,2,10-02-2025,8.16.32
8,card,25.96,Americano,Morning,Mon,Feb,1,2,10-02-2025,8.24.56
11,card,30.86,Americano with Milk,Morning,Mon,Feb,1,2,10-02-2025,11.11.43
13,card,25.96,Americano,Afternoon,Mon,Feb,1,2,10-02-2025,13.08.50
13,card,35.76,Cocoa,Afternoon,Mon,Feb,1,2,10-02-2025,13.11.05
13,card,30.86,Americano with Milk,Afternoon,Mon,Feb,1,2,10-02-2025,13.26.54
13,card,25.96,Americano,Afternoon,Mon,Feb,1,2,10-02-2025,13.40.13
14,card,35.76,Latte,Afternoon,Mon,Feb,1,2,10-02-2025,14.01.52
14,card,25.96,Americano,Afternoon,Mon,Feb,1,2,10-02-2025,14.07.41
14,card,35.76,Cocoa,Afternoon,Mon,Feb,1,2,10-02-2025,14.11.46
14,card,35.76,Cocoa,Afternoon,Mon,Feb,1,2,10-02-2025,14.15.44
15,card,35.76,Cappuccino,Afternoon,Mon,Feb,1,2,10-02-2025,15.01.54
15,card,30.86,Americano with Milk,Afternoon,Mon,Feb,1,2,10-02-2025,15.14.01
15,card,35.76,Latte,Afternoon,Mon,Feb,1,2,10-02-2025,15.46.02
15,card,35.76,Hot Chocolate,Afternoon,Mon,Feb,1,2,10-02-2025,15.47.44
16,card,35.76,Cocoa,Afternoon,Mon,Feb,1,2,10-02-2025,16.20.55
17,card,25.96,Americano,Night,Mon,Feb,1,2,10-02-2025,17.12.02
18,card,30.86,Americano with Milk,Night,Mon,Feb,1,2,10-02-2025,18.27.14
19,card,35.76,Latte,Night,Mon,Feb,1,2,10-02-2025,19.14.01
19,card,35.76,Latte,Night,Mon,Feb,1,2,10-02-2025,19.14.53
10,card,25.96,Americano,Morning,Tue,Feb,2,2,11-02-2025,10.38.26
11,card,25.96,Americano,Morning,Tue,Feb,2,2,11-02-2025,11.19.15
11,card,30.86,Americano with Milk,Morning,Tue,Feb,2,2,11-02-2025,11.20.12
11,card,35.76,Cocoa,Morning,Tue,Feb,2,2,11-02-2025,11.21.08
15,card,35.76,Hot Chocolate,Afternoon,Tue,Feb,2,2,11-02-2025,15.56.49
16,card,30.86,Americano with Milk,Afternoon,Tue,Feb,2,2,11-02-2025,16.09.08
16,card,21.06,Espresso,Afternoon,Tue,Feb,2,2,11-02-2025,16.49.40
17,card,35.76,Latte,Night,Tue,Feb,2,2,11-02-2025,17.35.34
17,card,30.86,Americano with Milk,Night,Tue,Feb,2,2,11-02-2025,17.36.42
17,card,30.86,Americano with Milk,Night,Tue,Feb,2,2,11-02-2025,17.44.12
17,card,25.96,Americano,Night,Tue,Feb,2,2,11-02-2025,17.50.40
17,card,30.86,Americano with Milk,Night,Tue,Feb,2,2,11-02-2025,17.54.37
19,card,35.76,Latte,Night,Tue,Feb,2,2,11-02-2025,19.04.11
19,card,35.76,Cocoa,Night,Tue,Feb,2,2,11-02-2025,19.05.03
7,card,35.76,Cappuccino,Morning,Wed,Feb,3,2,12-02-2025,7.16.57
7,card,25.96,Americano,Morning,Wed,Feb,3,2,12-02-2025,7.35.37
8,card,35.76,Cocoa,Morning,Wed,Feb,3,2,12-02-2025,8.54.35
9,card,30.86,Americano with Milk,Morning,Wed,Feb,3,2,12-02-2025,9.19.45
10,card,25.96,Americano,Morning,Wed,Feb,3,2,12-02-2025,10.43.13
12,card,25.96,Americano,Afternoon,Wed,Feb,3,2,12-02-2025,12.43.29
13,card,25.96,Americano,Afternoon,Wed,Feb,3,2,12-02-2025,13.08.09
13,card,35.76,Hot Chocolate,Afternoon,Wed,Feb,3,2,12-02-2025,13.41.39
15,card,35.76,Hot Chocolate,Afternoon,Wed,Feb,3,2,12-02-2025,15.41.24
15,card,35.76,Latte,Afternoon,Wed,Feb,3,2,12-02-2025,15.42.16
15,card,35.76,Hot Chocolate,Afternoon,Wed,Feb,3,2,12-02-2025,15.43.34
16,card,25.96,Americano,Afternoon,Wed,Feb,3,2,12-02-2025,16.12.58
16,card,25.96,Americano,Afternoon,Wed,Feb,3,2,12-02-2025,16.26.08
17,card,35.76,Cappuccino,Night,Wed,Feb,3,2,12-02-2025,17.05.31
17,card,25.96,Americano,Night,Wed,Feb,3,2,12-02-2025,17.42.51
20,card,35.76,Latte,Night,Wed,Feb,3,2,12-02-2025,20.05.40
20,card,35.76,Cocoa,Night,Wed,Feb,3,2,12-02-2025,20.23.13
21,card,35.76,Cappuccino,Night,Wed,Feb,3,2,12-02-2025,21.17.04
7,card,30.86,Americano with Milk,Morning,Thu,Feb,4,2,13-02-2025,7.38.47
8,card,25.96,Americano,Morning,Thu,Feb,4,2,13-02-2025,8.45.57
9,card,21.06,Espresso,Morning,Thu,Feb,4,2,13-02-2025,9.17.21
9,card,35.76,Cocoa,Morning,Thu,Feb,4,2,13-02-2025,9.36.05
10,card,30.86,Americano with Milk,Morning,Thu,Feb,4,2,13-02-2025,10.29.32
10,card,30.86,Americano with Milk,Morning,Thu,Feb,4,2,13-02-2025,10.59.27
16,card,25.96,Americano,Afternoon,Thu,Feb,4,2,13-02-2025,16.30.39
16,card,25.96,Americano,Afternoon,Thu,Feb,4,2,13-02-2025,16.31.33
17,card,30.86,Americano with Milk,Night,Thu,Feb,4,2,13-02-2025,17.16.11
17,card,30.86,Americano with Milk,Night,Thu,Feb,4,2,13-02-2025,17.17.20
18,card,35.76,Latte,Night,Thu,Feb,4,2,13-02-2025,18.01.35
18,card,35.76,Cappuccino,Night,Thu,Feb,4,2,13-02-2025,18.15.08
19,card,35.76,Latte,Night,Thu,Feb,4,2,13-02-2025,19.06.30
11,card,25.96,Americano,Morning,Fri,Feb,5,2,14-02-2025,11.38.55
14,card,35.76,Hot Chocolate,Afternoon,Fri,Feb,5,2,14-02-2025,14.07.09
14,card,25.96,Americano,Afternoon,Fri,Feb,5,2,14-02-2025,14.45.59
14,card,21.06,Espresso,Afternoon,Fri,Feb,5,2,14-02-2025,14.46.45
14,card,30.86,Americano with Milk,Afternoon,Fri,Feb,5,2,14-02-2025,14.58.12
15,card,35.76,Cappuccino,Afternoon,Fri,Feb,5,2,14-02-2025,15.00.16
15,card,35.76,Cappuccino,Afternoon,Fri,Feb,5,2,14-02-2025,15.36.40
15,card,35.76,Latte,Afternoon,Fri,Feb,5,2,14-02-2025,15.38.47
15,card,35.76,Hot Chocolate,Afternoon,Fri,Feb,5,2,14-02-2025,15.53.56
15,card,35.76,Cappuccino,Afternoon,Fri,Feb,5,2,14-02-2025,15.54.57
17,card,25.96,Americano,Night,Fri,Feb,5,2,14-02-2025,17.03.16
17,card,35.76,Cocoa,Night,Fri,Feb,5,2,14-02-2025,17.04.29
17,card,21.06,Espresso,Night,Fri,Feb,5,2,14-02-2025,17.09.07
17,card,30.86,Americano with Milk,Night,Fri,Feb,5,2,14-02-2025,17.25.24
21,card,25.96,Americano,Night,Fri,Feb,5,2,14-02-2025,21.18.29
9,card,35.76,Cappuccino,Morning,Sat,Feb,6,2,15-02-2025,9.22.51
12,card,35.76,Cappuccino,Afternoon,Sat,Feb,6,2,15-02-2025,12.41.53
12,card,25.96,Americano,Afternoon,Sat,Feb,6,2,15-02-2025,12.44.26
13,card,30.86,Americano with Milk,Afternoon,Sat,Feb,6,2,15-02-2025,13.02.19
13,card,30.86,Americano with Milk,Afternoon,Sat,Feb,6,2,15-02-2025,13.32.05
14,card,35.76,Cappuccino,Afternoon,Sat,Feb,6,2,15-02-2025,14.01.51
14,card,25.96,Americano,Afternoon,Sat,Feb,6,2,15-02-2025,14.11.53
15,card,35.76,Hot Chocolate,Afternoon,Sat,Feb,6,2,15-02-2025,15.40.07
15,card,35.76,Hot Chocolate,Afternoon,Sat,Feb,6,2,15-02-2025,15.40.59
10,card,25.96,Americano,Morning,Sun,Feb,7,2,16-02-2025,10.46.43
10,card,25.96,Americano,Morning,Sun,Feb,7,2,16-02-2025,10.50.00
10,card,30.86,Americano with Milk,Morning,Sun,Feb,7,2,16-02-2025,10.51.03
11,card,35.76,Hot Chocolate,Morning,Sun,Feb,7,2,16-02-2025,11.04.47
11,card,25.96,Americano,Morning,Sun,Feb,7,2,16-02-2025,11.32.29
14,card,35.76,Hot Chocolate,Afternoon,Sun,Feb,7,2,16-02-2025,14.15.37
14,card,35.76,Latte,Afternoon,Sun,Feb,7,2,16-02-2025,14.16.41
17,card,35.76,Hot Chocolate,Night,Sun,Feb,7,2,16-02-2025,17.12.27
17,card,30.86,Americano with Milk,Night,Sun,Feb,7,2,16-02-2025,17.13.32
17,card,30.86,Americano with Milk,Night,Sun,Feb,7,2,16-02-2025,17.44.32
6,card,35.76,Cappuccino,Morning,Mon,Feb,1,2,17-02-2025,6.50.04
8,card,25.96,Americano,Morning,Mon,Feb,1,2,17-02-2025,8.53.13
9,card,25.96,Americano,Morning,Mon,Feb,1,2,17-02-2025,9.00.55
9,card,30.86,Americano with Milk,Morning,Mon,Feb,1,2,17-02-2025,9.28.06
9,card,35.76,Hot Chocolate,Morning,Mon,Feb,1,2,17-02-2025,9.56.59
10,card,30.86,Americano with Milk,Morning,Mon,Feb,1,2,17-02-2025,10.20.12
10,card,25.96,Americano,Morning,Mon,Feb,1,2,17-02-2025,10.44.48
11,card,30.86,Americano with Milk,Morning,Mon,Feb,1,2,17-02-2025,11.53.58
11,card,21.06,Espresso,Morning,Mon,Feb,1,2,17-02-2025,11.55.02
12,card,35.76,Cappuccino,Afternoon,Mon,Feb,1,2,17-02-2025,12.48.58
14,card,35.76,Latte,Afternoon,Mon,Feb,1,2,17-02-2025,14.23.01
15,card,30.86,Americano with Milk,Afternoon,Mon,Feb,1,2,17-02-2025,15.05.41
15,card,35.76,Latte,Afternoon,Mon,Feb,1,2,17-02-2025,15.33.19
16,card,21.06,Espresso,Afternoon,Mon,Feb,1,2,17-02-2025,16.19.06
16,card,25.96,Americano,Afternoon,Mon,Feb,1,2,17-02-2025,16.22.42
17,card,30.86,Americano with Milk,Night,Mon,Feb,1,2,17-02-2025,17.31.14
18,card,25.96,Americano,Night,Mon,Feb,1,2,17-02-2025,18.23.52
19,card,25.96,Americano,Night,Mon,Feb,1,2,17-02-2025,19.13.51
19,card,25.96,Americano,Night,Mon,Feb,1,2,17-02-2025,19.15.00
20,card,35.76,Latte,Night,Mon,Feb,1,2,17-02-2025,20.18.17
8,card,25.96,Americano,Morning,Tue,Feb,2,2,18-02-2025,8.53.08
8,card,25.96,Americano,Morning,Tue,Feb,2,2,18-02-2025,8.54.14
11,card,25.96,Americano,Morning,Tue,Feb,2,2,18-02-2025,11.07.35
11,card,25.96,Americano,Morning,Tue,Feb,2,2,18-02-2025,11.30.06
11,card,30.86,Americano with Milk,Morning,Tue,Feb,2,2,18-02-2025,11.38.23
12,card,30.86,Americano with Milk,Afternoon,Tue,Feb,2,2,18-02-2025,12.15.26
13,card,35.76,Cocoa,Afternoon,Tue,Feb,2,2,18-02-2025,13.04.27
13,card,25.96,Americano,Afternoon,Tue,Feb,2,2,18-02-2025,13.25.45
13,card,30.86,Americano with Milk,Afternoon,Tue,Feb,2,2,18-02-2025,13.27.05
17,card,35.76,Hot Chocolate,Night,Tue,Feb,2,2,18-02-2025,17.05.28
17,card,30.86,Americano with Milk,Night,Tue,Feb,2,2,18-02-2025,17.08.19
17,card,21.06,Espresso,Night,Tue,Feb,2,2,18-02-2025,17.09.17
17,card,35.76,Cocoa,Night,Tue,Feb,2,2,18-02-2025,17.10.22
17,card,35.76,Cocoa,Night,Tue,Feb,2,2,18-02-2025,17.11.35
19,card,35.76,Cocoa,Night,Tue,Feb,2,2,18-02-2025,19.36.27
20,card,35.76,Cocoa,Night,Tue,Feb,2,2,18-02-2025,20.06.56
20,card,35.76,Hot Chocolate,Night,Tue,Feb,2,2,18-02-2025,20.58.12
21,card,30.86,Americano with Milk,Night,Tue,Feb,2,2,18-02-2025,21.01.59
8,card,35.76,Cappuccino,Morning,Wed,Feb,3,2,19-02-2025,8.08.52
8,card,25.96,Americano,Morning,Wed,Feb,3,2,19-02-2025,8.09.54
8,card,25.96,Americano,Morning,Wed,Feb,3,2,19-02-2025,8.47.32
9,card,35.76,Cappuccino,Morning,Wed,Feb,3,2,19-02-2025,9.24.31
10,card,25.96,Americano,Morning,Wed,Feb,3,2,19-02-2025,10.09.51
10,card,35.76,Hot Chocolate,Morning,Wed,Feb,3,2,19-02-2025,10.19.01
10,card,30.86,Americano with Milk,Morning,Wed,Feb,3,2,19-02-2025,10.40.51
12,card,25.96,Americano,Afternoon,Wed,Feb,3,2,19-02-2025,12.45.06
12,card,35.76,Cocoa,Afternoon,Wed,Feb,3,2,19-02-2025,12.46.03
13,card,25.96,Americano,Afternoon,Wed,Feb,3,2,19-02-2025,13.06.54
15,card,35.76,Cappuccino,Afternoon,Wed,Feb,3,2,19-02-2025,15.50.42
17,card,25.96,Americano,Night,Wed,Feb,3,2,19-02-2025,17.04.00
17,card,35.76,Cappuccino,Night,Wed,Feb,3,2,19-02-2025,17.34.49
17,card,30.86,Americano with Milk,Night,Wed,Feb,3,2,19-02-2025,17.57.52
18,card,35.76,Cappuccino,Night,Wed,Feb,3,2,19-02-2025,18.35.38
19,card,35.76,Latte,Night,Wed,Feb,3,2,19-02-2025,19.01.33
19,card,35.76,Cocoa,Night,Wed,Feb,3,2,19-02-2025,19.11.49
19,card,35.76,Hot Chocolate,Night,Wed,Feb,3,2,19-02-2025,19.12.42
19,card,35.76,Latte,Night,Wed,Feb,3,2,19-02-2025,19.26.22
20,card,35.76,Cocoa,Night,Wed,Feb,3,2,19-02-2025,20.05.28
7,card,35.76,Cappuccino,Morning,Thu,Feb,4,2,20-02-2025,7.56.24
9,card,25.96,Americano,Morning,Thu,Feb,4,2,20-02-2025,9.17.53
10,card,35.76,Cappuccino,Morning,Thu,Feb,4,2,20-02-2025,10.16.40
10,card,25.96,Americano,Morning,Thu,Feb,4,2,20-02-2025,10.17.38
10,card,25.96,Americano,Morning,Thu,Feb,4,2,20-02-2025,10.20.24
10,card,25.96,Americano,Morning,Thu,Feb,4,2,20-02-2025,10.24.23
13,card,30.86,Americano with Milk,Afternoon,Thu,Feb,4,2,20-02-2025,13.02.19
14,card,35.76,Latte,Afternoon,Thu,Feb,4,2,20-02-2025,14.20.33
14,card,25.96,Americano,Afternoon,Thu,Feb,4,2,20-02-2025,14.37.59
14,card,25.96,Americano,Afternoon,Thu,Feb,4,2,20-02-2025,14.38.49
15,card,21.06,Espresso,Afternoon,Thu,Feb,4,2,20-02-2025,15.19.45
16,card,35.76,Cappuccino,Afternoon,Thu,Feb,4,2,20-02-2025,16.05.49
16,card,35.76,Cappuccino,Afternoon,Thu,Feb,4,2,20-02-2025,16.59.06
17,card,35.76,Hot Chocolate,Night,Thu,Feb,4,2,20-02-2025,17.00.36
17,card,25.96,Americano,Night,Thu,Feb,4,2,20-02-2025,17.07.27
18,card,25.96,Americano,Night,Thu,Feb,4,2,20-02-2025,18.57.34
19,card,35.76,Hot Chocolate,Night,Thu,Feb,4,2,20-02-2025,19.01.51
19,card,35.76,Cocoa,Night,Thu,Feb,4,2,20-02-2025,19.07.25
20,card,35.76,Latte,Night,Thu,Feb,4,2,20-02-2025,20.07.03
6,card,25.96,Americano,Morning,Fri,Feb,5,2,21-02-2025,6.59.08
9,card,35.76,Latte,Morning,Fri,Feb,5,2,21-02-2025,9.41.29
9,card,35.76,Cappuccino,Morning,Fri,Feb,5,2,21-02-2025,9.49.20
9,card,21.06,Espresso,Morning,Fri,Feb,5,2,21-02-2025,9.51.12
10,card,25.96,Americano,Morning,Fri,Feb,5,2,21-02-2025,10.18.10
11,card,30.86,Americano with Milk,Morning,Fri,Feb,5,2,21-02-2025,11.10.07
12,card,25.96,Americano,Afternoon,Fri,Feb,5,2,21-02-2025,12.04.49
12,card,25.96,Americano,Afternoon,Fri,Feb,5,2,21-02-2025,12.07.42
12,card,25.96,Americano,Afternoon,Fri,Feb,5,2,21-02-2025,12.56.17
12,card,25.96,Americano,Afternoon,Fri,Feb,5,2,21-02-2025,12.57.02
13,card,25.96,Americano,Afternoon,Fri,Feb,5,2,21-02-2025,13.06.42
14,card,25.96,Americano,Afternoon,Fri,Feb,5,2,21-02-2025,14.17.54
15,card,35.76,Cappuccino,Afternoon,Fri,Feb,5,2,21-02-2025,15.18.31
15,card,25.96,Americano,Afternoon,Fri,Feb,5,2,21-02-2025,15.45.54
15,card,25.96,Americano,Afternoon,Fri,Feb,5,2,21-02-2025,15.46.48
15,card,25.96,Americano,Afternoon,Fri,Feb,5,2,21-02-2025,15.52.48
16,card,35.76,Cocoa,Afternoon,Fri,Feb,5,2,21-02-2025,16.10.06
16,card,35.76,Latte,Afternoon,Fri,Feb,5,2,21-02-2025,16.46.58
16,card,35.76,Hot Chocolate,Afternoon,Fri,Feb,5,2,21-02-2025,16.48.58
16,card,35.76,Latte,Afternoon,Fri,Feb,5,2,21-02-2025,16.50.13
19,card,35.76,Cocoa,Night,Fri,Feb,5,2,21-02-2025,19.08.18
19,card,35.76,Cocoa,Night,Fri,Feb,5,2,21-02-2025,19.09.09
19,card,35.76,Cappuccino,Night,Fri,Feb,5,2,21-02-2025,19.59.24
10,card,35.76,Hot Chocolate,Morning,Sat,Feb,6,2,22-02-2025,10.52.18
11,card,25.96,Americano,Morning,Sat,Feb,6,2,22-02-2025,11.28.30
11,card,25.96,Americano,Morning,Sat,Feb,6,2,22-02-2025,11.41.12
12,card,21.06,Espresso,Afternoon,Sat,Feb,6,2,22-02-2025,12.59.41
15,card,30.86,Americano with Milk,Afternoon,Sat,Feb,6,2,22-02-2025,15.03.03
10,card,30.86,Americano with Milk,Morning,Sun,Feb,7,2,23-02-2025,10.33.11
12,card,30.86,Americano with Milk,Afternoon,Sun,Feb,7,2,23-02-2025,12.52.26
12,card,30.86,Americano with Milk,Afternoon,Sun,Feb,7,2,23-02-2025,12.54.06
13,card,35.76,Cappuccino,Afternoon,Sun,Feb,7,2,23-02-2025,13.50.21
14,card,35.76,Cocoa,Afternoon,Sun,Feb,7,2,23-02-2025,14.02.03
17,card,25.96,Americano,Night,Sun,Feb,7,2,23-02-2025,17.27.44
9,card,30.86,Americano with Milk,Morning,Mon,Feb,1,2,24-02-2025,9.14.53
9,card,35.76,Latte,Morning,Mon,Feb,1,2,24-02-2025,9.45.10
10,card,25.96,Americano,Morning,Mon,Feb,1,2,24-02-2025,10.02.48
10,card,30.86,Americano with Milk,Morning,Mon,Feb,1,2,24-02-2025,10.09.12
10,card,30.86,Americano with Milk,Morning,Mon,Feb,1,2,24-02-2025,10.10.21
10,card,35.76,Cocoa,Morning,Mon,Feb,1,2,24-02-2025,10.47.47
12,card,35.76,Latte,Afternoon,Mon,Feb,1,2,24-02-2025,12.58.41
13,card,35.76,Cocoa,Afternoon,Mon,Feb,1,2,24-02-2025,13.00.01
15,card,30.86,Americano with Milk,Afternoon,Mon,Feb,1,2,24-02-2025,15.40.01
16,card,35.76,Cocoa,Afternoon,Mon,Feb,1,2,24-02-2025,16.00.06
16,card,35.76,Cappuccino,Afternoon,Mon,Feb,1,2,24-02-2025,16.10.23
16,card,35.76,Latte,Afternoon,Mon,Feb,1,2,24-02-2025,16.28.52
16,card,25.96,Americano,Afternoon,Mon,Feb,1,2,24-02-2025,16.59.38
17,card,25.96,Americano,Night,Mon,Feb,1,2,24-02-2025,17.00.44
17,card,30.86,Americano with Milk,Night,Mon,Feb,1,2,24-02-2025,17.37.38
18,card,30.86,Americano with Milk,Night,Mon,Feb,1,2,24-02-2025,18.07.01
18,card,35.76,Latte,Night,Mon,Feb,1,2,24-02-2025,18.21.57
19,card,30.86,Americano with Milk,Night,Mon,Feb,1,2,24-02-2025,19.04.34
19,card,35.76,Hot Chocolate,Night,Mon,Feb,1,2,24-02-2025,19.24.10
19,card,35.76,Latte,Night,Mon,Feb,1,2,24-02-2025,19.24.54
19,card,35.76,Cocoa,Night,Mon,Feb,1,2,24-02-2025,19.26.14
20,card,35.76,Cocoa,Night,Mon,Feb,1,2,24-02-2025,20.14.51
8,card,30.86,Americano with Milk,Morning,Tue,Feb,2,2,25-02-2025,8.00.39
8,card,25.96,Americano,Morning,Tue,Feb,2,2,25-02-2025,8.49.21
8,card,30.86,Americano with Milk,Morning,Tue,Feb,2,2,25-02-2025,8.50.14
10,card,21.06,Espresso,Morning,Tue,Feb,2,2,25-02-2025,10.02.44
11,card,25.96,Americano,Morning,Tue,Feb,2,2,25-02-2025,11.03.33
11,card,25.96,Americano,Morning,Tue,Feb,2,2,25-02-2025,11.04.26
12,card,35.76,Cappuccino,Afternoon,Tue,Feb,2,2,25-02-2025,12.20.41
14,card,35.76,Cappuccino,Afternoon,Tue,Feb,2,2,25-02-2025,14.14.18
16,card,25.96,Americano,Afternoon,Tue,Feb,2,2,25-02-2025,16.49.37
16,card,25.96,Americano,Afternoon,Tue,Feb,2,2,25-02-2025,16.50.35
18,card,35.76,Cocoa,Night,Tue,Feb,2,2,25-02-2025,18.19.09
19,card,35.76,Cappuccino,Night,Tue,Feb,2,2,25-02-2025,19.32.40
8,card,25.96,Americano,Morning,Wed,Feb,3,2,26-02-2025,8.57.37
10,card,30.86,Americano with Milk,Morning,Wed,Feb,3,2,26-02-2025,10.11.27
10,card,30.86,Americano with Milk,Morning,Wed,Feb,3,2,26-02-2025,10.12.25
10,card,35.76,Hot Chocolate,Morning,Wed,Feb,3,2,26-02-2025,10.16.57
13,card,35.76,Cocoa,Afternoon,Wed,Feb,3,2,26-02-2025,13.13.26
13,card,35.76,Latte,Afternoon,Wed,Feb,3,2,26-02-2025,13.31.23
15,card,25.96,Americano,Afternoon,Wed,Feb,3,2,26-02-2025,15.01.58
15,card,25.96,Americano,Afternoon,Wed,Feb,3,2,26-02-2025,15.14.47
15,card,25.96,Cortado,Afternoon,Wed,Feb,3,2,26-02-2025,15.17.24
15,card,35.76,Hot Chocolate,Afternoon,Wed,Feb,3,2,26-02-2025,15.20.02
15,card,25.96,Americano,Afternoon,Wed,Feb,3,2,26-02-2025,15.20.48
15,card,25.96,Americano,Afternoon,Wed,Feb,3,2,26-02-2025,15.28.45
16,card,35.76,Latte,Afternoon,Wed,Feb,3,2,26-02-2025,16.20.46
16,card,35.76,Hot Chocolate,Afternoon,Wed,Feb,3,2,26-02-2025,16.55.13
16,card,35.76,Latte,Afternoon,Wed,Feb,3,2,26-02-2025,16.55.59
17,card,30.86,Americano with Milk,Night,Wed,Feb,3,2,26-02-2025,17.22.44
18,card,35.76,Latte,Night,Wed,Feb,3,2,26-02-2025,18.11.24
18,card,35.76,Cappuccino,Night,Wed,Feb,3,2,26-02-2025,18.13.50
7,card,35.76,Cappuccino,Morning,Thu,Feb,4,2,27-02-2025,7.19.00
7,card,35.76,Cappuccino,Morning,Thu,Feb,4,2,27-02-2025,7.21.00
10,card,21.06,Espresso,Morning,Thu,Feb,4,2,27-02-2025,10.52.29
11,card,35.76,Cocoa,Morning,Thu,Feb,4,2,27-02-2025,11.08.16
12,card,35.76,Cocoa,Afternoon,Thu,Feb,4,2,27-02-2025,12.48.15
13,card,30.86,Americano with Milk,Afternoon,Thu,Feb,4,2,27-02-2025,13.29.48
14,card,25.96,Americano,Afternoon,Thu,Feb,4,2,27-02-2025,14.23.16
14,card,35.76,Latte,Afternoon,Thu,Feb,4,2,27-02-2025,14.43.19
15,card,25.96,Americano,Afternoon,Thu,Feb,4,2,27-02-2025,15.47.50
16,card,25.96,Americano,Afternoon,Thu,Feb,4,2,27-02-2025,16.28.28
17,card,25.96,Americano,Night,Thu,Feb,4,2,27-02-2025,17.12.55
17,card,25.96,Americano,Night,Thu,Feb,4,2,27-02-2025,17.23.10
17,card,35.76,Latte,Night,Thu,Feb,4,2,27-02-2025,17.53.13
18,card,35.76,Latte,Night,Thu,Feb,4,2,27-02-2025,18.17.28
18,card,35.76,Cappuccino,Night,Thu,Feb,4,2,27-02-2025,18.38.40
18,card,35.76,Cocoa,Night,Thu,Feb,4,2,27-02-2025,18.40.01
18,card,35.76,Cocoa,Night,Thu,Feb,4,2,27-02-2025,18.40.52
19,card,35.76,Latte,Night,Thu,Feb,4,2,27-02-2025,19.14.15
20,card,35.76,Cappuccino,Night,Thu,Feb,4,2,27-02-2025,20.02.07
6,card,30.86,Americano with Milk,Morning,Fri,Feb,5,2,28-02-2025,6.52.45
6,card,30.86,Americano with Milk,Morning,Fri,Feb,5,2,28-02-2025,6.54.59
7,card,35.76,Cappuccino,Morning,Fri,Feb,5,2,28-02-2025,7.18.36
8,card,21.06,Espresso,Morning,Fri,Feb,5,2,28-02-2025,8.09.57
9,card,30.86,Americano with Milk,Morning,Fri,Feb,5,2,28-02-2025,9.02.38
14,card,25.96,Americano,Afternoon,Fri,Feb,5,2,28-02-2025,14.44.28
14,card,25.96,Americano,Afternoon,Fri,Feb,5,2,28-02-2025,14.45.22
14,card,25.96,Americano,Afternoon,Fri,Feb,5,2,28-02-2025,14.47.52
14,card,35.76,Latte,Afternoon,Fri,Feb,5,2,28-02-2025,14.52.02
15,card,25.96,Americano,Afternoon,Fri,Feb,5,2,28-02-2025,15.19.18
16,card,35.76,Cocoa,Afternoon,Fri,Feb,5,2,28-02-2025,16.22.27
16,card,25.96,Americano,Afternoon,Fri,Feb,5,2,28-02-2025,16.30.06
17,card,35.76,Latte,Night,Fri,Feb,5,2,28-02-2025,17.21.00
17,card,30.86,Americano with Milk,Night,Fri,Feb,5,2,28-02-2025,17.31.04
17,card,25.96,Americano,Night,Fri,Feb,5,2,28-02-2025,17.32.16
17,card,25.96,Americano,Night,Fri,Feb,5,2,28-02-2025,17.33.49
18,card,35.76,Latte,Night,Fri,Feb,5,2,28-02-2025,18.53.49
10,card,35.76,Cappuccino,Morning,Sat,Mar,6,3,01-03-2025,10.31.45
11,card,25.96,Americano,Morning,Sat,Mar,6,3,01-03-2025,11.24.04
11,card,25.96,Americano,Morning,Sat,Mar,6,3,01-03-2025,11.27.58
14,card,35.76,Latte,Afternoon,Sat,Mar,6,3,01-03-2025,14.43.23
15,card,25.96,Americano,Afternoon,Sat,Mar,6,3,01-03-2025,15.02.31
15,card,30.86,Americano with Milk,Afternoon,Sat,Mar,6,3,01-03-2025,15.08.20
16,card,35.76,Cappuccino,Afternoon,Sat,Mar,6,3,01-03-2025,16.42.13
17,card,25.96,Americano,Night,Sat,Mar,6,3,01-03-2025,17.08.33
9,card,35.76,Cocoa,Morning,Sun,Mar,7,3,02-03-2025,9.58.15
12,card,35.76,Latte,Afternoon,Sun,Mar,7,3,02-03-2025,12.17.36
13,card,30.86,Americano with Milk,Afternoon,Sun,Mar,7,3,02-03-2025,13.36.19
15,card,30.86,Americano with Milk,Afternoon,Sun,Mar,7,3,02-03-2025,15.22.17
15,card,25.96,Americano,Afternoon,Sun,Mar,7,3,02-03-2025,15.23.15
15,card,25.96,Americano,Afternoon,Sun,Mar,7,3,02-03-2025,15.24.45
8,card,35.76,Cappuccino,Morning,Mon,Mar,1,3,03-03-2025,8.24.01
9,card,35.76,Cocoa,Morning,Mon,Mar,1,3,03-03-2025,9.46.51
9,card,35.76,Latte,Morning,Mon,Mar,1,3,03-03-2025,9.48.39
10,card,35.76,Hot Chocolate,Morning,Mon,Mar,1,3,03-03-2025,10.21.24
10,card,35.76,Hot Chocolate,Morning,Mon,Mar,1,3,03-03-2025,10.24.46
12,card,35.76,Cappuccino,Afternoon,Mon,Mar,1,3,03-03-2025,12.58.08
15,card,35.76,Latte,Afternoon,Mon,Mar,1,3,03-03-2025,15.11.01
15,card,25.96,Americano,Afternoon,Mon,Mar,1,3,03-03-2025,15.47.58
16,card,35.76,Cocoa,Afternoon,Mon,Mar,1,3,03-03-2025,16.14.50
16,card,35.76,Latte,Afternoon,Mon,Mar,1,3,03-03-2025,16.16.35
16,card,35.76,Latte,Afternoon,Mon,Mar,1,3,03-03-2025,16.18.27
16,card,35.76,Cappuccino,Afternoon,Mon,Mar,1,3,03-03-2025,16.40.29
16,card,35.76,Cappuccino,Afternoon,Mon,Mar,1,3,03-03-2025,16.42.22
16,card,25.96,Americano,Afternoon,Mon,Mar,1,3,03-03-2025,16.52.11
17,card,30.86,Americano with Milk,Night,Mon,Mar,1,3,03-03-2025,17.28.42
17,card,25.96,Americano,Night,Mon,Mar,1,3,03-03-2025,17.31.22
17,card,35.76,Hot Chocolate,Night,Mon,Mar,1,3,03-03-2025,17.32.18
17,card,25.96,Americano,Night,Mon,Mar,1,3,03-03-2025,17.32.58
17,card,35.76,Hot Chocolate,Night,Mon,Mar,1,3,03-03-2025,17.57.32
17,card,35.76,Hot Chocolate,Night,Mon,Mar,1,3,03-03-2025,17.58.27
18,card,30.86,Americano with Milk,Night,Mon,Mar,1,3,03-03-2025,18.03.05
18,card,35.76,Latte,Night,Mon,Mar,1,3,03-03-2025,18.46.52
7,card,35.76,Cappuccino,Morning,Tue,Mar,2,3,04-03-2025,7.19.21
7,card,25.96,Americano,Morning,Tue,Mar,2,3,04-03-2025,7.31.55
8,card,30.86,Americano with Milk,Morning,Tue,Mar,2,3,04-03-2025,8.51.45
9,card,25.96,Americano,Morning,Tue,Mar,2,3,04-03-2025,9.09.31
9,card,25.96,Americano,Morning,Tue,Mar,2,3,04-03-2025,9.10.22
9,card,25.96,Americano,Morning,Tue,Mar,2,3,04-03-2025,9.58.37
11,card,30.86,Americano with Milk,Morning,Tue,Mar,2,3,04-03-2025,11.04.01
11,card,25.96,Americano,Morning,Tue,Mar,2,3,04-03-2025,11.05.06
11,card,25.96,Americano,Morning,Tue,Mar,2,3,04-03-2025,11.46.41
11,card,25.96,Americano,Morning,Tue,Mar,2,3,04-03-2025,11.47.24
11,card,25.96,Americano,Morning,Tue,Mar,2,3,04-03-2025,11.51.34
12,card,35.76,Cocoa,Afternoon,Tue,Mar,2,3,04-03-2025,12.25.59
16,card,25.96,Americano,Afternoon,Tue,Mar,2,3,04-03-2025,16.48.58
18,card,35.76,Cocoa,Night,Tue,Mar,2,3,04-03-2025,18.43.21
19,card,35.76,Latte,Night,Tue,Mar,2,3,04-03-2025,19.10.09
20,card,35.76,Latte,Night,Tue,Mar,2,3,04-03-2025,20.09.00
8,card,30.86,Americano with Milk,Morning,Wed,Mar,3,3,05-03-2025,8.39.51
9,card,25.96,Americano,Morning,Wed,Mar,3,3,05-03-2025,9.38.24
10,card,25.96,Americano,Morning,Wed,Mar,3,3,05-03-2025,10.01.14
10,card,25.96,Americano,Morning,Wed,Mar,3,3,05-03-2025,10.02.04
10,card,35.76,Cappuccino,Morning,Wed,Mar,3,3,05-03-2025,10.10.50
10,card,30.86,Americano with Milk,Morning,Wed,Mar,3,3,05-03-2025,10.40.34
11,card,35.76,Cappuccino,Morning,Wed,Mar,3,3,05-03-2025,11.08.31
11,card,35.76,Cocoa,Morning,Wed,Mar,3,3,05-03-2025,11.10.54
11,card,25.96,Americano,Morning,Wed,Mar,3,3,05-03-2025,11.38.51
11,card,25.96,Americano,Morning,Wed,Mar,3,3,05-03-2025,11.41.22
12,card,25.96,Americano,Afternoon,Wed,Mar,3,3,05-03-2025,12.12.56
15,card,35.76,Latte,Afternoon,Wed,Mar,3,3,05-03-2025,15.07.50
15,card,35.76,Latte,Afternoon,Wed,Mar,3,3,05-03-2025,15.21.35
15,card,35.76,Hot Chocolate,Afternoon,Wed,Mar,3,3,05-03-2025,15.25.11
17,card,30.86,Americano with Milk,Night,Wed,Mar,3,3,05-03-2025,17.09.56
17,card,21.06,Espresso,Night,Wed,Mar,3,3,05-03-2025,17.16.23
17,card,35.76,Latte,Night,Wed,Mar,3,3,05-03-2025,17.31.40
18,card,35.76,Cappuccino,Night,Wed,Mar,3,3,05-03-2025,18.13.26
19,card,35.76,Cocoa,Night,Wed,Mar,3,3,05-03-2025,19.02.56
9,card,35.76,Hot Chocolate,Morning,Thu,Mar,4,3,06-03-2025,9.33.39
9,card,21.06,Espresso,Morning,Thu,Mar,4,3,06-03-2025,9.35.52
10,card,30.86,Americano with Milk,Morning,Thu,Mar,4,3,06-03-2025,10.48.04
10,card,25.96,Americano,Morning,Thu,Mar,4,3,06-03-2025,10.56.47
10,card,25.96,Americano,Morning,Thu,Mar,4,3,06-03-2025,10.57.35
11,card,25.96,Americano,Morning,Thu,Mar,4,3,06-03-2025,11.05.43
11,card,35.76,Cappuccino,Morning,Thu,Mar,4,3,06-03-2025,11.17.38
13,card,35.76,Latte,Afternoon,Thu,Mar,4,3,06-03-2025,13.51.33
16,card,30.86,Americano with Milk,Afternoon,Thu,Mar,4,3,06-03-2025,16.06.47
17,card,35.76,Cocoa,Night,Thu,Mar,4,3,06-03-2025,17.49.11
18,card,35.76,Cappuccino,Night,Thu,Mar,4,3,06-03-2025,18.27.11
19,card,30.86,Americano with Milk,Night,Thu,Mar,4,3,06-03-2025,19.22.10
7,card,35.76,Cappuccino,Morning,Fri,Mar,5,3,07-03-2025,7.05.42
8,card,25.96,Americano,Morning,Fri,Mar,5,3,07-03-2025,8.45.10
8,card,25.96,Americano,Morning,Fri,Mar,5,3,07-03-2025,8.46.03
9,card,25.96,Americano,Morning,Fri,Mar,5,3,07-03-2025,9.02.40
10,card,35.76,Hot Chocolate,Morning,Fri,Mar,5,3,07-03-2025,10.09.57
10,card,30.86,Americano with Milk,Morning,Fri,Mar,5,3,07-03-2025,10.26.34
10,card,30.86,Americano with Milk,Morning,Fri,Mar,5,3,07-03-2025,10.27.32
10,card,35.76,Cocoa,Morning,Fri,Mar,5,3,07-03-2025,10.41.45
11,card,35.76,Cocoa,Morning,Fri,Mar,5,3,07-03-2025,11.50.59
12,card,30.86,Americano with Milk,Afternoon,Fri,Mar,5,3,07-03-2025,12.03.46
13,card,35.76,Hot Chocolate,Afternoon,Fri,Mar,5,3,07-03-2025,13.43.48
13,card,25.96,Americano,Afternoon,Fri,Mar,5,3,07-03-2025,13.55.31
14,card,35.76,Cappuccino,Afternoon,Fri,Mar,5,3,07-03-2025,14.53.30
15,card,35.76,Latte,Afternoon,Fri,Mar,5,3,07-03-2025,15.09.04
15,card,35.76,Latte,Afternoon,Fri,Mar,5,3,07-03-2025,15.52.52
17,card,35.76,Latte,Night,Fri,Mar,5,3,07-03-2025,17.10.29
17,card,35.76,Hot Chocolate,Night,Fri,Mar,5,3,07-03-2025,17.12.23
9,card,30.86,Americano with Milk,Morning,Sat,Mar,6,3,08-03-2025,9.23.44
9,card,30.86,Americano with Milk,Morning,Sat,Mar,6,3,08-03-2025,9.41.52
10,card,25.96,Americano,Morning,Sat,Mar,6,3,08-03-2025,10.54.13
11,card,25.96,Americano,Morning,Sat,Mar,6,3,08-03-2025,11.19.45
11,card,25.96,Americano,Morning,Sat,Mar,6,3,08-03-2025,11.20.32
12,card,30.86,Americano with Milk,Afternoon,Sat,Mar,6,3,08-03-2025,12.41.19
12,card,25.96,Americano,Afternoon,Sat,Mar,6,3,08-03-2025,12.45.05
13,card,35.76,Cappuccino,Afternoon,Sat,Mar,6,3,08-03-2025,13.40.06
9,card,21.06,Espresso,Morning,Sun,Mar,7,3,09-03-2025,9.42.03
11,card,30.86,Americano with Milk,Morning,Sun,Mar,7,3,09-03-2025,11.25.53
13,card,35.76,Cappuccino,Afternoon,Sun,Mar,7,3,09-03-2025,13.51.56
14,card,25.96,Americano,Afternoon,Sun,Mar,7,3,09-03-2025,14.18.30
15,card,35.76,Cappuccino,Afternoon,Sun,Mar,7,3,09-03-2025,15.12.41
15,card,25.96,Americano,Afternoon,Sun,Mar,7,3,09-03-2025,15.39.07
15,card,30.86,Americano with Milk,Afternoon,Sun,Mar,7,3,09-03-2025,15.52.39
15,card,35.76,Cocoa,Afternoon,Sun,Mar,7,3,09-03-2025,15.53.40
8,card,25.96,Americano,Morning,Mon,Mar,1,3,10-03-2025,8.34.43
8,card,35.76,Latte,Morning,Mon,Mar,1,3,10-03-2025,8.35.40
9,card,30.86,Americano with Milk,Morning,Mon,Mar,1,3,10-03-2025,9.06.27
9,card,35.76,Hot Chocolate,Morning,Mon,Mar,1,3,10-03-2025,9.19.28
9,card,35.76,Cocoa,Morning,Mon,Mar,1,3,10-03-2025,9.50.54
10,card,35.76,Hot Chocolate,Morning,Mon,Mar,1,3,10-03-2025,10.18.57
12,card,25.96,Americano,Afternoon,Mon,Mar,1,3,10-03-2025,12.36.14
15,card,25.96,Americano,Afternoon,Mon,Mar,1,3,10-03-2025,15.32.09
15,card,35.76,Hot Chocolate,Afternoon,Mon,Mar,1,3,10-03-2025,15.41.57
16,card,35.76,Latte,Afternoon,Mon,Mar,1,3,10-03-2025,16.18.00
16,card,35.76,Latte,Afternoon,Mon,Mar,1,3,10-03-2025,16.18.54
16,card,35.76,Cappuccino,Afternoon,Mon,Mar,1,3,10-03-2025,16.24.25
16,card,30.86,Americano with Milk,Afternoon,Mon,Mar,1,3,10-03-2025,16.25.32
18,card,25.96,Americano,Night,Mon,Mar,1,3,10-03-2025,18.15.54
18,card,35.76,Latte,Night,Mon,Mar,1,3,10-03-2025,18.48.30
18,card,35.76,Latte,Night,Mon,Mar,1,3,10-03-2025,18.49.22
19,card,30.86,Americano with Milk,Night,Mon,Mar,1,3,10-03-2025,19.26.42
8,card,25.96,Americano,Morning,Tue,Mar,2,3,11-03-2025,8.46.25
9,card,35.76,Cappuccino,Morning,Tue,Mar,2,3,11-03-2025,9.12.27
9,card,35.76,Latte,Morning,Tue,Mar,2,3,11-03-2025,9.27.04
10,card,25.96,Americano,Morning,Tue,Mar,2,3,11-03-2025,10.26.57
12,card,25.96,Americano,Afternoon,Tue,Mar,2,3,11-03-2025,12.33.20
13,card,25.96,Americano,Afternoon,Tue,Mar,2,3,11-03-2025,13.16.54
16,card,35.76,Hot Chocolate,Afternoon,Tue,Mar,2,3,11-03-2025,16.29.31
16,card,35.76,Cocoa,Afternoon,Tue,Mar,2,3,11-03-2025,16.30.16
16,card,35.76,Hot Chocolate,Afternoon,Tue,Mar,2,3,11-03-2025,16.49.40
17,card,35.76,Cappuccino,Night,Tue,Mar,2,3,11-03-2025,17.46.50
18,card,30.86,Americano with Milk,Night,Tue,Mar,2,3,11-03-2025,18.56.52
19,card,35.76,Latte,Night,Tue,Mar,2,3,11-03-2025,19.07.14
20,card,35.76,Cocoa,Night,Tue,Mar,2,3,11-03-2025,20.08.56
11,card,35.76,Cocoa,Morning,Wed,Mar,3,3,12-03-2025,11.11.39
11,card,30.86,Americano with Milk,Morning,Wed,Mar,3,3,12-03-2025,11.47.34
11,card,35.76,Cappuccino,Morning,Wed,Mar,3,3,12-03-2025,11.50.15
11,card,25.96,Americano,Morning,Wed,Mar,3,3,12-03-2025,11.55.55
11,card,25.96,Americano,Morning,Wed,Mar,3,3,12-03-2025,11.56.48
12,card,25.96,Americano,Afternoon,Wed,Mar,3,3,12-03-2025,12.06.11
12,card,35.76,Hot Chocolate,Afternoon,Wed,Mar,3,3,12-03-2025,12.55.38
13,card,35.76,Latte,Afternoon,Wed,Mar,3,3,12-03-2025,13.01.49
13,card,35.76,Latte,Afternoon,Wed,Mar,3,3,12-03-2025,13.56.23
16,card,35.76,Cappuccino,Afternoon,Wed,Mar,3,3,12-03-2025,16.27.37
16,card,35.76,Latte,Afternoon,Wed,Mar,3,3,12-03-2025,16.35.03
16,card,35.76,Latte,Afternoon,Wed,Mar,3,3,12-03-2025,16.36.00
18,card,25.96,Americano,Night,Wed,Mar,3,3,12-03-2025,18.10.34
18,card,35.76,Cocoa,Night,Wed,Mar,3,3,12-03-2025,18.17.17
18,card,25.96,Americano,Night,Wed,Mar,3,3,12-03-2025,18.24.40
18,card,35.76,Cappuccino,Night,Wed,Mar,3,3,12-03-2025,18.38.56
18,card,25.96,Americano,Night,Wed,Mar,3,3,12-03-2025,18.42.13
7,card,35.76,Cappuccino,Morning,Thu,Mar,4,3,13-03-2025,7.01.36
8,card,30.86,Americano with Milk,Morning,Thu,Mar,4,3,13-03-2025,8.23.17
9,card,30.86,Americano with Milk,Morning,Thu,Mar,4,3,13-03-2025,9.04.47
9,card,35.76,Latte,Morning,Thu,Mar,4,3,13-03-2025,9.20.09
9,card,21.06,Espresso,Morning,Thu,Mar,4,3,13-03-2025,9.22.04
9,card,25.96,Americano,Morning,Thu,Mar,4,3,13-03-2025,9.38.19
9,card,30.86,Americano with Milk,Morning,Thu,Mar,4,3,13-03-2025,9.39.14
11,card,25.96,Americano,Morning,Thu,Mar,4,3,13-03-2025,11.18.02
12,card,35.76,Latte,Afternoon,Thu,Mar,4,3,13-03-2025,12.13.37
14,card,30.86,Americano with Milk,Afternoon,Thu,Mar,4,3,13-03-2025,14.53.50
14,card,25.96,Americano,Afternoon,Thu,Mar,4,3,13-03-2025,14.55.31
18,card,35.76,Cappuccino,Night,Thu,Mar,4,3,13-03-2025,18.47.43
7,card,25.96,Americano,Morning,Fri,Mar,5,3,14-03-2025,7.55.05
8,card,30.86,Americano with Milk,Morning,Fri,Mar,5,3,14-03-2025,8.13.40
8,card,25.96,Americano,Morning,Fri,Mar,5,3,14-03-2025,8.59.26
9,card,35.76,Latte,Morning,Fri,Mar,5,3,14-03-2025,9.00.29
9,card,21.06,Espresso,Morning,Fri,Mar,5,3,14-03-2025,9.26.07
9,card,25.96,Americano,Morning,Fri,Mar,5,3,14-03-2025,9.28.37
10,card,25.96,Americano,Morning,Fri,Mar,5,3,14-03-2025,10.20.51
10,card,35.76,Latte,Morning,Fri,Mar,5,3,14-03-2025,10.48.22
10,card,35.76,Cappuccino,Morning,Fri,Mar,5,3,14-03-2025,10.49.27
14,card,25.96,Americano,Afternoon,Fri,Mar,5,3,14-03-2025,14.35.17
14,card,35.76,Latte,Afternoon,Fri,Mar,5,3,14-03-2025,14.36.21
15,card,35.76,Latte,Afternoon,Fri,Mar,5,3,14-03-2025,15.54.20
15,card,35.76,Latte,Afternoon,Fri,Mar,5,3,14-03-2025,15.55.40
16,card,25.96,Americano,Afternoon,Fri,Mar,5,3,14-03-2025,16.27.04
16,card,35.76,Cocoa,Afternoon,Fri,Mar,5,3,14-03-2025,16.31.00
16,card,35.76,Cocoa,Afternoon,Fri,Mar,5,3,14-03-2025,16.31.55
16,card,35.76,Cocoa,Afternoon,Fri,Mar,5,3,14-03-2025,16.32.40
17,card,25.96,Americano,Night,Fri,Mar,5,3,14-03-2025,17.05.24
17,card,25.96,Americano,Night,Fri,Mar,5,3,14-03-2025,17.22.14
17,card,35.76,Latte,Night,Fri,Mar,5,3,14-03-2025,17.27.15
17,card,35.76,Latte,Night,Fri,Mar,5,3,14-03-2025,17.28.38
20,card,25.96,Americano,Night,Fri,Mar,5,3,14-03-2025,20.20.22
21,card,25.96,Americano,Night,Fri,Mar,5,3,14-03-2025,21.40.43
9,card,30.86,Americano with Milk,Morning,Sat,Mar,6,3,15-03-2025,9.53.22
10,card,35.76,Cappuccino,Morning,Sat,Mar,6,3,15-03-2025,10.03.22
13,card,25.96,Americano,Afternoon,Sat,Mar,6,3,15-03-2025,13.55.41
17,card,35.76,Cappuccino,Night,Sat,Mar,6,3,15-03-2025,17.10.23
17,card,30.86,Americano with Milk,Night,Sat,Mar,6,3,15-03-2025,17.12.08
19,card,30.86,Americano with Milk,Night,Sat,Mar,6,3,15-03-2025,19.30.36
19,card,35.76,Cappuccino,Night,Sat,Mar,6,3,15-03-2025,19.51.27
9,card,35.76,Cappuccino,Morning,Sun,Mar,7,3,16-03-2025,9.32.17
9,card,30.86,Americano with Milk,Morning,Sun,Mar,7,3,16-03-2025,9.36.23
10,card,35.76,Latte,Morning,Sun,Mar,7,3,16-03-2025,10.50.09
12,card,35.76,Hot Chocolate,Afternoon,Sun,Mar,7,3,16-03-2025,12.00.47
14,card,25.96,Americano,Afternoon,Sun,Mar,7,3,16-03-2025,14.22.42
6,card,25.96,Americano,Morning,Mon,Mar,1,3,17-03-2025,6.54.40
8,card,25.96,Americano,Morning,Mon,Mar,1,3,17-03-2025,8.09.50
8,card,25.96,Americano,Morning,Mon,Mar,1,3,17-03-2025,8.18.02
9,card,30.86,Americano with Milk,Morning,Mon,Mar,1,3,17-03-2025,9.02.58
10,card,25.96,Americano,Morning,Mon,Mar,1,3,17-03-2025,10.32.39
13,card,25.96,Americano,Afternoon,Mon,Mar,1,3,17-03-2025,13.59.00
14,card,35.76,Cocoa,Afternoon,Mon,Mar,1,3,17-03-2025,14.21.24
14,card,35.76,Cocoa,Afternoon,Mon,Mar,1,3,17-03-2025,14.22.19
14,card,35.76,Latte,Afternoon,Mon,Mar,1,3,17-03-2025,14.48.03
15,card,35.76,Cappuccino,Afternoon,Mon,Mar,1,3,17-03-2025,15.11.17
15,card,35.76,Latte,Afternoon,Mon,Mar,1,3,17-03-2025,15.47.15
15,card,35.76,Latte,Afternoon,Mon,Mar,1,3,17-03-2025,15.48.58
16,card,25.96,Americano,Afternoon,Mon,Mar,1,3,17-03-2025,16.46.44
8,card,30.86,Americano with Milk,Morning,Tue,Mar,2,3,18-03-2025,8.23.10
8,card,35.76,Latte,Morning,Tue,Mar,2,3,18-03-2025,8.33.49
10,card,35.76,Latte,Morning,Tue,Mar,2,3,18-03-2025,10.49.51
10,card,25.96,Americano,Morning,Tue,Mar,2,3,18-03-2025,10.51.17
11,card,35.76,Hot Chocolate,Morning,Tue,Mar,2,3,18-03-2025,11.47.19
11,card,35.76,Hot Chocolate,Morning,Tue,Mar,2,3,18-03-2025,11.48.55
14,card,30.86,Americano with Milk,Afternoon,Tue,Mar,2,3,18-03-2025,14.43.35
15,card,25.96,Americano,Afternoon,Tue,Mar,2,3,18-03-2025,15.03.53
15,card,30.86,Americano with Milk,Afternoon,Tue,Mar,2,3,18-03-2025,15.11.07
16,card,25.96,Americano,Afternoon,Tue,Mar,2,3,18-03-2025,16.09.07
16,card,35.76,Latte,Afternoon,Tue,Mar,2,3,18-03-2025,16.11.45
16,card,21.06,Espresso,Afternoon,Tue,Mar,2,3,18-03-2025,16.23.20
18,card,35.76,Cocoa,Night,Tue,Mar,2,3,18-03-2025,18.42.30
18,card,35.76,Cocoa,Night,Tue,Mar,2,3,18-03-2025,18.43.17
20,card,35.76,Cocoa,Night,Tue,Mar,2,3,18-03-2025,20.00.34
20,card,35.76,Cocoa,Night,Tue,Mar,2,3,18-03-2025,20.01.37
21,card,35.76,Latte,Night,Tue,Mar,2,3,18-03-2025,21.20.40
7,card,25.96,Americano,Morning,Wed,Mar,3,3,19-03-2025,7.03.07
7,card,25.96,Americano,Morning,Wed,Mar,3,3,19-03-2025,7.04.08
7,card,35.76,Cappuccino,Morning,Wed,Mar,3,3,19-03-2025,7.06.34
8,card,25.96,Americano,Morning,Wed,Mar,3,3,19-03-2025,8.03.18
10,card,35.76,Hot Chocolate,Morning,Wed,Mar,3,3,19-03-2025,10.18.39
11,card,25.96,Americano,Morning,Wed,Mar,3,3,19-03-2025,11.55.39
12,card,25.96,Americano,Afternoon,Wed,Mar,3,3,19-03-2025,12.58.27
15,card,35.76,Latte,Afternoon,Wed,Mar,3,3,19-03-2025,15.12.53
15,card,35.76,Latte,Afternoon,Wed,Mar,3,3,19-03-2025,15.14.23
16,card,35.76,Latte,Afternoon,Wed,Mar,3,3,19-03-2025,16.19.33
16,card,25.96,Americano,Afternoon,Wed,Mar,3,3,19-03-2025,16.29.56
16,card,35.76,Cappuccino,Afternoon,Wed,Mar,3,3,19-03-2025,16.40.33
16,card,35.76,Cappuccino,Afternoon,Wed,Mar,3,3,19-03-2025,16.42.16
16,card,25.96,Americano,Afternoon,Wed,Mar,3,3,19-03-2025,16.51.35
16,card,25.96,Americano,Afternoon,Wed,Mar,3,3,19-03-2025,16.52.29
17,card,35.76,Cocoa,Night,Wed,Mar,3,3,19-03-2025,16.59.59
17,card,30.86,Americano with Milk,Night,Wed,Mar,3,3,19-03-2025,17.09.55
17,card,30.86,Americano with Milk,Night,Wed,Mar,3,3,19-03-2025,17.27.39
18,card,25.96,Cortado,Night,Wed,Mar,3,3,19-03-2025,18.29.50
18,card,21.06,Espresso,Night,Wed,Mar,3,3,19-03-2025,18.30.44
18,card,21.06,Espresso,Night,Wed,Mar,3,3,19-03-2025,18.31.25
8,card,30.86,Americano with Milk,Morning,Thu,Mar,4,3,20-03-2025,8.13.16
9,card,30.86,Americano with Milk,Morning,Thu,Mar,4,3,20-03-2025,9.52.04
10,card,30.86,Americano with Milk,Morning,Thu,Mar,4,3,20-03-2025,10.06.44
10,card,25.96,Americano,Morning,Thu,Mar,4,3,20-03-2025,10.45.44
10,card,25.96,Americano,Morning,Thu,Mar,4,3,20-03-2025,10.55.17
12,card,25.96,Americano,Afternoon,Thu,Mar,4,3,20-03-2025,12.48.24
14,card,25.96,Americano,Afternoon,Thu,Mar,4,3,20-03-2025,14.04.43
14,card,25.96,Americano,Afternoon,Thu,Mar,4,3,20-03-2025,14.20.37
14,card,21.06,Espresso,Afternoon,Thu,Mar,4,3,20-03-2025,14.21.41
14,card,25.96,Cortado,Afternoon,Thu,Mar,4,3,20-03-2025,14.25.04
14,card,35.76,Cappuccino,Afternoon,Thu,Mar,4,3,20-03-2025,14.26.46
14,card,35.76,Cappuccino,Afternoon,Thu,Mar,4,3,20-03-2025,14.59.47
15,card,25.96,Americano,Afternoon,Thu,Mar,4,3,20-03-2025,15.05.22
15,card,25.96,Americano,Afternoon,Thu,Mar,4,3,20-03-2025,15.21.51
16,card,35.76,Cappuccino,Afternoon,Thu,Mar,4,3,20-03-2025,16.45.44
17,card,25.96,Americano,Night,Thu,Mar,4,3,20-03-2025,17.23.51
18,card,35.76,Hot Chocolate,Night,Thu,Mar,4,3,20-03-2025,18.55.58
19,card,35.76,Cocoa,Night,Thu,Mar,4,3,20-03-2025,19.36.41
19,card,35.76,Cappuccino,Night,Thu,Mar,4,3,20-03-2025,19.57.48
21,card,35.76,Latte,Night,Thu,Mar,4,3,20-03-2025,21.50.15
7,card,30.86,Americano with Milk,Morning,Fri,Mar,5,3,21-03-2025,7.06.11
7,card,30.86,Americano with Milk,Morning,Fri,Mar,5,3,21-03-2025,7.09.08
8,card,25.96,Americano,Morning,Fri,Mar,5,3,21-03-2025,8.16.43
8,card,25.96,Americano,Morning,Fri,Mar,5,3,21-03-2025,8.28.36
8,card,25.96,Americano,Morning,Fri,Mar,5,3,21-03-2025,8.29.20
8,card,35.76,Cappuccino,Morning,Fri,Mar,5,3,21-03-2025,8.35.18
11,card,25.96,Americano,Morning,Fri,Mar,5,3,21-03-2025,11.50.09
11,card,35.76,Latte,Morning,Fri,Mar,5,3,21-03-2025,11.51.07
13,card,25.96,Americano,Afternoon,Fri,Mar,5,3,21-03-2025,13.02.48
13,card,35.76,Latte,Afternoon,Fri,Mar,5,3,21-03-2025,13.23.57
14,card,35.76,Cappuccino,Afternoon,Fri,Mar,5,3,21-03-2025,14.11.44
15,card,35.76,Cappuccino,Afternoon,Fri,Mar,5,3,21-03-2025,15.09.03
15,card,25.96,Americano,Afternoon,Fri,Mar,5,3,21-03-2025,15.24.42
15,card,35.76,Latte,Afternoon,Fri,Mar,5,3,21-03-2025,15.28.19
15,card,35.76,Cappuccino,Afternoon,Fri,Mar,5,3,21-03-2025,15.29.32
17,card,35.76,Hot Chocolate,Night,Fri,Mar,5,3,21-03-2025,17.01.28
17,card,35.76,Latte,Night,Fri,Mar,5,3,21-03-2025,17.21.16
17,card,35.76,Latte,Night,Fri,Mar,5,3,21-03-2025,17.22.49
18,card,35.76,Latte,Night,Fri,Mar,5,3,21-03-2025,18.52.12
18,card,25.96,Americano,Night,Fri,Mar,5,3,21-03-2025,18.59.24
9,card,30.86,Americano with Milk,Morning,Sat,Mar,6,3,22-03-2025,9.05.13
10,card,30.86,Americano with Milk,Morning,Sat,Mar,6,3,22-03-2025,10.30.09
11,card,35.76,Hot Chocolate,Morning,Sat,Mar,6,3,22-03-2025,11.14.05
11,card,35.76,Cocoa,Morning,Sat,Mar,6,3,22-03-2025,11.41.20
12,card,30.86,Americano with Milk,Afternoon,Sat,Mar,6,3,22-03-2025,12.18.27
12,card,25.96,Americano,Afternoon,Sat,Mar,6,3,22-03-2025,12.25.59
13,card,25.96,Americano,Afternoon,Sat,Mar,6,3,22-03-2025,13.06.21
13,card,30.86,Americano with Milk,Afternoon,Sat,Mar,6,3,22-03-2025,13.23.17
15,card,21.06,Espresso,Afternoon,Sat,Mar,6,3,22-03-2025,15.57.58
16,card,35.76,Latte,Afternoon,Sat,Mar,6,3,22-03-2025,16.26.59
17,card,30.86,Americano with Milk,Night,Sat,Mar,6,3,22-03-2025,17.53.35
19,card,30.86,Americano with Milk,Night,Sat,Mar,6,3,22-03-2025,19.16.52
10,card,35.76,Latte,Morning,Sun,Mar,7,3,23-03-2025,10.07.11
10,card,35.76,Cappuccino,Morning,Sun,Mar,7,3,23-03-2025,10.34.54
14,card,35.76,Cocoa,Afternoon,Sun,Mar,7,3,23-03-2025,14.43.37
14,card,35.76,Cocoa,Afternoon,Sun,Mar,7,3,23-03-2025,14.44.16
15,card,25.96,Americano,Afternoon,Sun,Mar,7,3,23-03-2025,15.47.28
18,card,35.76,Latte,Night,Sun,Mar,7,3,23-03-2025,18.11.38
